company_id,company_name,company_ua,counts
02070944,Київський національний університет імені Тараса Шевченка,1.0,3
22907278,Інститут законодавства Верховної Ради України,1.0,2
40632877,КНИГОЛАВ,1.0,2
141488,NOVEMBE VENTURES LIMITED,0.0,2
02070938,Національний університет харчових технологій,1.0,2
00013480,Міністерство фінансів України,1.0,4
16459396,"Національний університет ""Києво-Могилянська академія""",1.0,3
38912910,ДЖУІШ МЕДІА,1.0,1
38890410,товариство з обмеженою відповідальністю НОВИНИ-ТВ,1.0,1
38891366,ГРОМАДСЬКА СПІЛКА 'МІЖКОНФЕСІЙНА РАДА УКРАЇНИ',1.0,1
38892474,"Світова Федерація Укранських Лемківських Об""єднань",1.0,1
00000000,Почесне Консульство Королівства Таїланд в Україні,1.0,1
38937117,МАКРОПЛАЗА,1.0,1
38941647,ТОВАРИСТВО З ОБМЕЖЕНОЮ ВІДПОВІДАЛЬНІСТЮ 'ПЕРЕХРЕСТЯ ПЛЮС ІНК',1.0,1
38949688,ІНТЕРАКТИВНА МЕДІА ПЛАТФОРМА,1.0,1
38956873,Укрсвіс Легал Сервісис,1.0,1
38940732,ТОВАРИСТВО З ОБМЕЖЕНОЮ ВІДПОВІДАЛЬНІСТЮ 'КОСМО МОЛ ІНК',1.0,1
38781141,Юридичний портал Ратіо Деціденді,1.0,1
38822685,ТОВ УПК,1.0,1
38798160,СХІДНОЄВРОПЕЙСЬКИЙ КОЛЕГІУМ ТЕРИТОРІАЛЬНОЇ ДЕРЖАВНОЇ СЛУЖБИ ТА МІСЦЕВОГО САМОВРЯДУВАННЯ,1.0,1
38992335,ТОВАРИСТВО З ОБМЕЖЕНОЮ ВІДПОВІДАЛЬНІСТЮ РЕФІН,1.0,1
38780682,"ТОВ ""Інвестиційно-будівельна компанія ""Альянс-Груп""",1.0,1
38778647,ТОВАРИСТВО З ОБМЕЖЕНОЮ ВІДПОВІДАЛЬНІСТЮ МІЖРЕГІОНАЛЬНА ПЕЛЕТНА КОМПАНІЯ,1.0,1
38749768,ТОВАРИСТВО З ОБМЕЖЕНОЮ ВІДПОВІДАЛЬНІСТЮ НЬЮС НЕТВОРК,1.0,2
387459,VERES HOLDING LIMITED,0.0,1
38740702,ВОГ Ритейл,1.0,1
38727367,ФМ КОНСАЛТ,1.0,1
38714714,"ТОВ ""РЕМБУД-ПРОЕКТ""",1.0,1
38965689,ЄВРОТОН-ЕКСКЛЮЗИВ,1.0,1
38995577,ТОВАРИСТВО З ОБМЕЖЕНОЮ ВІДПОВІДАЛЬНІСТЮ 'МІРАЛЬЯНС',1.0,1
38993370,ІНФОРМАЦІЙНЕ АГЕНТСТВО 112.ЮЕЙ,1.0,1
39248682,ІРВІС-ІНВЕСТ,1.0,1
39346776,ТОВ СІОРА,1.0,1
39344590,"ГРОМАДСЬКА ОРГАНІЗАЦІЯ ""АСОЦІАЦІЯ ПОДАТКОВИХ РАДНИКІВ""",1.0,1
39325379,УКРАЇНСЬКА ХОЛДИНГОВА ЛІСОПИЛЬНА КОМПАНІЯ,1.0,1
39323848,Авіаційна група,1.0,1
39321641,ТРЕВЕЛ ПРОФЕШНЛ ГРУП УЖГОРОД,1.0,1
39305530,"Товариство з обмеженою відповідальністю ""ІНТЕРШИНА УА""",1.0,1
39286361,ТОВ ГОЛДЕН-ФІШ,1.0,1
39281541,ФГ «УРОЖАЙ СЛ»,1.0,1
39272280,"Товариство з обмеженою відповідальністю ""ІНТЕР-ТРАКС""",1.0,1
39249885,ТОВАРИСТВО З ОБМЕЖЕНОЮ ВІДПОВІДАЛЬНІСТЮ «Е-волюція»,1.0,1
39246643,ТОВ РИБОЛОВ-2014,1.0,1
38669431,БЛАГОДІЙНА ОРГАНІЗАЦІЯ БЛАГОДІЙНИЙ ФОНД ОБИРАЄМО МАЙБУТНЄ РАЗОМ,1.0,1
39245220,НАРОДНИЙ ПОГЛЯД,1.0,1
39228191,ЗАКРИТИЙ НЕДИВЕРСИФІКОВАНИЙ ВЕНЧУРНИЙ КОРПОРАТИВНИЙ ІНВЕСТИЦІЙНИЙ ФОНД ВОГ ІНВЕСТ,1.0,1
39187447,Товариство з обмеженою відповідальністю НЮ АРТ,1.0,1
39159069,ТОВАРИСТВО З ОБМЕЖЕНОЮ ВІДПОВІДАЛЬНІСТЮ ДРУЖБА БРАНЧ,1.0,1
39153491,ТОВ 'Оскол-Аква',1.0,1
39148440,ТОВАРИСТВО З ОБМЕЖЕНОЮ ВІДПОВІДАЛЬНІСТЮ АГРОХОЛДИНГ ЗОРЯ,1.0,1
39086297,ТОВ Любинецький млин,1.0,1
39023931,ТУРИСТИЧНА ПРОФЕСІЙНА ГРУПА,1.0,1
39018963,ТОВ КРАБСБУРГЕР,1.0,1
39017404,РЕВІЗІЯ,1.0,1
38712675,СПОЖИВСПІЛКА ІВАНО-ФРАНКІВСЬКОЇ ОБЛАСТІ,1.0,1
38657646,ТОВАРИСТВО З ОБМЕЖЕНОЮ ВІДПОВІДАЛЬНІСТЮ 'ФУНДАМЕНТ ПРОЕКТ',1.0,1
38665772,Товариство з обмеженою відповідальністю ТЦ Роксолана,1.0,1
38270324,ПЕЛОРІС,1.0,1
38376731,ЗАКРИТИЙ НЕДИВЕРСИФІКОВАНИЙ ВЕНЧУРНИЙ КОРПОРАТИВНИЙ ІНВЕСТИЦІЙНИЙ ФОНД РЕАЛ ГРУП,1.0,1
38375193,Ост-Інвест Компані,1.0,1
38364705,ТОВАРИСТВО З ОБМЕЖЕНОЮ ВІДПОВІДАЛЬНІСТЮ «Агропродсервіс Вест»,1.0,1
38355245,ТОВ «ВОСТОЧНИЙ ПРОЕКТ КРАМАТОРСЬК»,1.0,1
38355219,ТОВ «ЗАЛІЗНИЧНЕ ЛИТТЯ»,1.0,1
38355182,ТОВ «ЛАРГУС УКРАЇНА»,1.0,1
38317189,ТОВАРИСТВО З ОБМЕЖЕНОЮ ВІДПОВІДАЛЬНІСТЮ 'ІСТГЕЙТ ДЕВЕЛОПМЕНТ',1.0,1
38305791,ТОВАРИСТВО З ОБМЕЖЕНОЮ ВІДПОВІДАЛЬНІСТЮ МАЛОДІВИЦЬКЕ ХЛІБОПРИЙМАЛЬНЕ ПІДПРИЄМСТВО,1.0,1
38292149,МЕДІА СТРОЙ,1.0,1
38277267,ГРОМАДСЬКА ОРГАНІЗАЦІЯ 'ФЕЛЬДМАН ЕКО-ПАРК',1.0,1
38268949,МІНЕРАЛИ ПРИКАРПАТТЯ,1.0,1
38387790,ІНФОРМАЦІЙНІ ТЕХНОЛОГІЇ МЕНЕДЖМЕНТУ,1.0,1
38248482,БЛАГОДІЙНА ОРГАНІЗАЦІЯ «БЛАГОДІЙНИЙ ФОНД ІВАНА ЧАЙКІВСЬКОГО» «ПОКРОВА»,1.0,1
38223850,ПОДІЛЛЯ І КО,1.0,1
38223845,СЛАВСЬКА,1.0,1
38204382,"Всеукраїнська молодіжна громадська організація ""Об'єднана молодь України""",1.0,1
38200922,ТОВ Максимко,1.0,1
38199231,РЕГІОНАЛЬНИЙ СТАБІЛІЗАЦІЙНИЙ ФОНД,1.0,1
38181313,Західклінкергруп,1.0,1
38160089,ПРИВАТНА УСТАНОВА 'ФЕЛЬДМАН ФЕМЕЛІ МУЗЕУМ',1.0,1
38159157,Благодійна організація Обласний благодійний фонд Дмитра Шенцева,1.0,1
38143173,ТОВАРИСТВО З ОБМЕЖЕНОЮ ВІДПОВІДАЛЬНІСТЮ ІНВЕСТИЦІЙНА КОМПАНІЯ ВІТАГРО,1.0,1
38385154,М ЕНД С-СХІД,1.0,1
38388438,ТОВАРИСТВО З ОБМЕЖЕНОЮ ВІДПОВІДАЛЬНІСТЮ «ГЕОФІЗИКА-777»,1.0,1
39364051,Штаб Національного Захисту Полтавської області,1.0,1
38491636,ТОВ «КРАМАГРОСВІТ»,1.0,1
38656066,ТОВ ЛАНАПОДОВЕ 1,1.0,1
38639433,"ВІДОКРЕМЛЕНИЙ СТРУКТУРНИЙ ПІДРОЗДІЛ ""ІНСТИТУТ ІННОВАЦІЙНОЇ ОСВІТИ КИЇВСЬКИЙ НАЦІОНАЛЬНИЙ УНІВЕРСИТЕТ БУДІВНИЦТВА І АРХІТЕКТУРИ""",1.0,1
38618256,ГРОМАДСЬКА ОРГАНІЗАЦІЯ ЗАВЖДИ ПОРУЧ ЗА ХМЕЛЬНИЧЧИНУ,1.0,1
38607600,ВСЕУКРАЇНСЬКА НАЦІОНАЛЬНА ФЕДЕРАЦІЯ ДВОРОВОГО ФУТБОЛУ,1.0,1
38590676,ТЕЛЕРАДІОКОМПАНІЯ 112-ТВ,1.0,1
38566334,БФ МИ КАМ'ЯНЧАНИ,1.0,1
38565655,СИСТЕМИ ДЛЯ БІЗНЕСУ 2,1.0,1
38538548,ТОВАРИСТВО З ОБМЕЖЕНОЮ ВІДПОВІДАЛЬНІСТЮ МФ-ПЛЮС,1.0,1
38526690,ТОВАРИСТВО З ОБМЕЖЕНОЮ ВІДПОВІДАЛЬНІСТЮ 'ЦІЛІСНИЙ МАЙНОВИЙ КОМПЛЕКС 103',1.0,1
38496973,ТОВАРИСТВО З ОБМЕЖЕНОЮ ВІДПОВІДАЛЬНІСТЮ 'КОСМО МОЛ',1.0,1
38464094,"ТОВ ""КУА Інвестиційна Група ПРОМЕТЕЙ""",1.0,1
38389578,ТОВАРИСТВО З ОБМЕЖЕНОЮ ВІДПОВІДАЛЬНІСТЮ СТАРФІШ-КУПОН,1.0,1
38444544,ТОВ КРМ ТРЕВЕЛ ГРУП,1.0,1
38439545,ТОВ Полтавабудсервіс плюс,1.0,1
38434337,ТОВ МЕДІА АГЕНТСТВО ПРОМЕДІА КОНСАЛТІНГ,1.0,1
38429416,ТОВ Галич екофрукт,1.0,1
38422473,ТОВАРИСТВО З ОБМЕЖЕНОЮ ВІДПОВІДАЛЬНІСТЮ КАМ'ЯНСЬКИЙ ТЕРМІНАЛ,1.0,1
38411477,ТОВ «ВІТРЯНИЙ ПАРК АНТРАЦИТОВСКИЙ»,1.0,1
38403560,ТОВАРИСТВО З ОБМЕЖЕНОЮ ВІДПОВІДАЛЬНІСТЮ КИЇВСЬКИЙ СОКІЛ,1.0,1
38392973,ТОВАРИСТВО З ОБМЕЖЕНОЮ ВІДПОВІДАЛЬНІСТЮ СМАРТ-ЛІЗИНГ,1.0,1
38392355,ТОВАРИСТВО З ОБМЕЖЕНОЮ ВІДПОВІДАЛЬНІСТЮ ІТ КАПІТАЛ,1.0,1
38390515,ВОГ Трейдинг,1.0,1
39351315,ТОВАРИСТВО З ОБМЕЖЕНОЮ ВІДПОВІДАЛЬНІСТЮ ТРИБА,1.0,1
39434390,ТОВ ДЖЕВЕЛРІ ХАУС,1.0,1
39370243,ТОВ Львівські свинки,1.0,1
39391525,ТОВ Сади Галичини,1.0,1
40370896,ТОВ Грозянське-АПК,1.0,1
40358224,ТОВАРИСТВО З ОБМЕЖЕНОЮ ВІДПОВІДАЛЬНІСТЮ «Екобуд» ,1.0,1
40325859,МУРАВЕЙ-ІНТЕРНЕШНЛ,1.0,1
40325136,ТОВАРИСТВО З ОБМЕЖЕНОЮ ВІДПОВІДАЛЬНІСТЮ АГРО СВІТ ПОДІЛЛЯ,1.0,1
40309821,Громадьський рух Киви-стоп наркотик,1.0,1
40306789,ТОВ Діа-Лаб,1.0,1
40289638,ТОВ Безмятежне-АПК,1.0,1
40289308,"ФГ ""ЄВА-ПЛЮС""",1.0,1
40274726,ТОВАРИСТВО З ОБМЕЖЕНОЮ ВІДПОВІДАЛЬНІСТЮ «Тернопільський м’ясокомбінат» ,1.0,1
40223912,ТОВ АКТИВ ГАЗ РЕСУРС,1.0,1
40219623,РЕЗАЛТ УКРАЇНА,1.0,1
402113921,LTD Aktivity,0.0,1
40205469,ТОВАРИСТВО З ОБМЕЖЕНОЮ ВІДПОВІДАЛЬНІСТЮ 'ТРЕЙД ЕНД ТЕХНОЛОДЖІ ПАРК',1.0,1
40199340,ТОВ ГАЗОЛІНУМ,1.0,1
40192518,Єврогаз 2020,1.0,1
40187838,ТОВ Правова група Новіков і партнери,1.0,1
40180256,КВ МЕНЕДЖМЕНТ,1.0,1
40150368,ТОВ «Аграрна Інвестиційна компанія Чемерівці»,1.0,1
40124170,"Громадська організація ""Всеукраїнське об'єднання ""Весна""",1.0,1
40114225,"АТ ЗАКРИТИЙ НЕДИВЕРСИФІКОВАНИЙ ВЕНЧУРНИЙ КОРПОРАТИВНИЙ ІНВЕСТИЦІЙНИЙ ФОНД Ю.ДІ,ДЖИ.",1.0,1
40087050,ТОВ БК Прогрес,1.0,1
40053319,ТРЕСТ КМБ-3,1.0,1
40043150,ЖИТЛОВО-БУДІВЕЛЬНИЙ КООПЕРАТИВ СПІЛКА ІНВЕСТОРІВ ТОВ ПРАВИЛЬНА КОМПАНІЯ,1.0,1
40371622,ТОВАРИСТВО З ОБМЕЖЕНОЮ ВІДПОВІДАЛЬНІСТЮ НАВАЛЬ ЛОГІСТІК,1.0,1
40372804,ТОВ Семенівське колосся,1.0,1
40378413,ТОВ АБ РІТЕЙЛ,1.0,1
40514882,Консалтингова компанія Новіков та партнери,1.0,1
40644594,ГУТОВСЬКА ОСУХОВСЬКИЙ,1.0,1
40619945,ЗЕРНОВА КОМПАНІЯ УКРАЇНИ,1.0,1
40611438,ТОВАРИСТВО З ОБМЕЖЕНОЮ ВІДПОВІДАЛЬНІСТЮ ПРОМИСЛОВА КОМПАНІЯ ВІТАГРО,1.0,1
40579583,ЮФЕСТ ГРУП,1.0,1
40554438,Міжнародне співтовариство з прав людини,1.0,1
40533659,Україна - велика нація,1.0,1
40528675,"громадська організація ""Національна антикорупційна платформа""",1.0,1
40527742,ТОВ БК Прогрес БУД,1.0,1
40525171,БЛЕКОІЛТЕРМІНАЛ,1.0,1
40519110,ТОВАРИСТВО З ОБМЕЖЕНОЮ ВІДПОВІДАЛЬНІСТЮ КОМПАНІЯ З УПРАВЛІННЯ АКТИВАМИ ГАРАНТІЯ,1.0,1
40512094,Товариство з обмеженою відповідальністю СТАТУС БУД-ПРАЙМ,1.0,1
40385745,СХІД КАРБОН ЛТД,1.0,1
40511703,КОЛОКОЛ МЕДІА,1.0,1
40496172,ТОВАРИСТВО З ОБМЕЖЕНОЮ ВІДПОВІДАЛЬНІСТЮ НАВАЛЬ ПАРК,1.0,1
40487849,Громадська організація АГЕНЦІЯ ІННОВАЦІЙНОЇ ДЕМОКРАТІЇ,1.0,1
40468695,"АКЦІОНЕРНЕ ТОВАРИСТВО ""ЗАКРИТИЙ НЕДИВЕРСИФІКОВАНИЙ ВЕНЧУРНИЙ КОРПОРАТИВНИЙ ІНВЕСТИЦІЙНИЙ ФОНД ""КНЯГИНЯ ЯРОСЛАВНА""",1.0,1
40465647,Товариство з обмеженою відповідальністю БАЛТХІМТРЕЙД,1.0,1
40447298,ТОВАРИСТВО З ОБМЕЖЕНОЮ ВІДПОВІДАЛЬНІСТЮ БС ПРОПЕРТІ,1.0,1
40423502,ГРОМАДСЬКА ОРГАНІЗАЦІЯ «АГЕНЦІЯ ЄВРОПЕЙСЬКОГО СПІВРОБІТНИЦТВА»,1.0,1
40412930,ТОВ СОВА КОНСАЛТИНГ,1.0,1
40412899,ТОВ СОВА РИТЕЙЛ,1.0,1
40402985,Громадська організація Міжнародний центр балтійсько-чорноморських досліджень та консенсусних практик. Центр політичного діалогу,1.0,1
40028765,ТОВ «Агрохолдинг 2012»,1.0,1
400209,VERES IP LIMITED,0.0,1
400202419,LTD RopePark,0.0,1
39577834,М ЕНД С-ЗАХІД,1.0,1
39687561,АДВОКАТСЬКЕ БЮРО ХОМ’ЯК ТА ПАРТНЕРИ,1.0,1
39651598,"Політична партія ""Голос""",1.0,1
39650290,Ай Бі Кепітал,1.0,1
39649091,ТОВ «ІНТЕЛЕКТУАЛЬНІ МЕДІЙНІ СИСТЕМИ»,1.0,1
39644821,ТОВАРИСТВО З ОБМЕЖЕНОЮ ВІДПОВІДАЛЬНІСТЮ ПОДІЛЬСЬКИЙ ЦЕГЕЛЬНИК,1.0,1
39638320,Інвест Консалт,1.0,1
39616731,ЮРІМЕКС ОНЛАЙН,1.0,1
39608851,ІМПОРТ ТРАНС СЕРВІС,1.0,1
39603853,ТОВАРИСТВО З ОБМЕЖЕНОЮ ВІДПОВІДАЛЬНІСТЮ «Агроіндустрія 11»,1.0,1
39589064,ТОВАРИСТВО З ОБМЕЖЕНОЮ ВІДПОВІДАЛЬНІСТЮ ТОРГОВА КОМПАНІЯ ВІТАГРО,1.0,1
39573688,ГРОМАДСЬКА ОРГАНІЗАЦІЯ 'ЄВРОПЕЙСЬКА АСОЦІАЦІЯ ЗООЛОГІЧНИХ ТА ЕКОЛОГІЧНИХ ОРГАНІЗАЦІЙ',1.0,1
39704780,Громадська організація Біржа Молодіжних Проектів,1.0,1
39565876,ТОВАРИСТВО З ОБМЕЖЕНОЮ ВІДПОВІДАЛЬНІСТЮ «Агропродсервіс Південь»,1.0,1
39549278,"ТОВ ""РОЯЛ ХАУЗ ГРУП""",1.0,1
39535883,ТОВ «ВІТРЯНИЙ ПАРК ПРИЧОРНОМОРСЬКИЙ»,1.0,1
39527055,КОРН ФУДЗ ІНТЕРНЕШНЛ,1.0,1
39507437,КОМО УКРАЇНА,1.0,1
39497047,ФОНД ПОЗИВНИЙ ГОРИНИЧ,1.0,1
39455723,НІДУС ІНВЕСТМЕНТС,1.0,1
39435876,ТОВ ІМІДЖ-2014,1.0,1
39435180,"ТОВ ""МАП Комюнікейшн Груп""",1.0,1
38128375,Товариство з обмеженою відповідальністю Капсулар,1.0,1
39688633,ОВІДІОПОЛЬ-АГРО,1.0,1
39713931,САЙБОР,1.0,1
40012708,ТОВАРИСТВО З ОБМЕЖЕНОЮ ВІДПОВІДАЛЬНІСТЮ КЕПЛЕР452,1.0,1
39863664,Штаб Національного Захисту Херсонської області,1.0,1
40003850,Краснотрейд,1.0,1
40001476,Товариство з обмеженою відповідальністю УКРГАЗ ІНВЕСТ,1.0,1
39997067,ДЖОББІ,1.0,1
39995321,МУРАВЕЙ-КИЇВ,1.0,1
39982684,ГО ФК Продексім,1.0,1
39952398,Веллфін,1.0,1
39941465,ТОВАРИСТВО З ОБМЕЖЕНОЮ ВІДПОВІДАЛЬНІСТЮ СЕДВЕРС,1.0,1
39908003,ТОВ АТЛАНТІК-ЮММА,1.0,1
39878641,"ТОВ ""ІНВЕСТ-БУДСИСТЕМ""",1.0,1
39868055,МУРАХА-ЗАХІД,1.0,1
39856411,ТОВАРИСТВО З ОБМЕЖЕНОЮ ВІДПОВІДАЛЬНІСТЮ ФУТБОЛЬНИЙ КЛУБ СТАЛЬ,1.0,1
39714982,ДЕТЕКТИВНА ОХОРОННА КОМПАНІЯ ШТОРМ,1.0,1
39851827,ТОВАРИСТВО З ОБМЕЖЕНОЮ ВІДПОВІДАЛЬНІСТЮ «Агропродсервіс Борщів» ,1.0,1
39849582,ТЕКСЛІНК,1.0,1
39836636,Біопроменерго,1.0,1
39833918,"ФГ ""Орігон""",1.0,1
39829644,РІДНИЙ СВІТ,1.0,1
39798444,К.І.ХОЛДИНГ,1.0,1
39779463,ЄВРОДІН УКРАЇНА,1.0,1
39774774,Медичний центр Діамед,1.0,1
39770958,СІГМА-СЕРВІС СУППОРТ,1.0,1
39741576,Всеукраїнський Союз Ветеранів АТО,1.0,1
38132465,ТОВ Кіноплекс,1.0,1
38123644,"ТОВ ""Консалтингова компанія ""Бізнес Лекс Груп""",1.0,2
38123995,МЕДІАТЕКА,1.0,1
36757206,ПЛАНЕТА КІНО,1.0,1
36755544,НЬЮ ПРОПЕРТІ,1.0,1
36744443,ТОРГОВО ПРОМИСЛОВА КОМПАНІЯ АГРОІНВЕСТ ,1.0,1
36742980,ТОВ «ВІТРЯНИЙ ПАРК БЕРЕЗАНСЬКИЙ»,1.0,1
36732176,МІЛКОР,1.0,1
36726932,ТОВ Герман Консалтинг,1.0,1
36717412,ТОВ «ВІТРЯНИЙ ПАРК НОВОАЗОВСЬКИЙ»,1.0,1
36692081,Товариство з обмеженою відповідальністю ЕТЕР,1.0,1
36679579,АГРОДНІПРОЦЕНТР,1.0,1
36679406,Профіль-Н,1.0,1
36677063,товариство з обмеженою відповідальністю ІНТЕРПРОФІТ,1.0,1
36650963,ПРИВАТНО ПІДПРИЄМСТВО «Агропродсервіс Ярчівці»,1.0,1
36649303,ПРИВАТНЕ ПІДПРИЄМСТВО «ГАЛИЧИНА-ОРГАНІК»,1.0,1
36637303,ТОВАРИСТВО З ОБМЕЖЕНОЮ ВІДПОВІДАЛЬНІСТЮ МІЖНАРОДНА ТРАНСПОРТНА ГРУПА ТРАНСПРОМ,1.0,1
36632368,Всеукраїнська громадська організація РУХ ГРОМАДЯНСЬКОЇ ДІЇ ,1.0,1
36632038,ТОВАРИСТВО З ОБМЕЖЕНОЮ ВІДПОВІДАЛЬНІСТЮ ВІН-ПЕЛЕТА,1.0,1
36604325,ТОВ «Вінницька аграрно-промислова група»,1.0,1
36597120,Добриня-хліб,1.0,1
36596723,РІВ ГРУП,1.0,1
36593387,ПРОВІТА МЕНЕДЖМЕНТ,1.0,1
36592446,МОЛОДІЖНА ГРОМАДСЬКА ОРГАНІЗАЦІЯ ФОНД СПРИЯННЯ СТУДЕНТСЬКІЙ РАДІ МІСТА КИЄВА (ФОНД СРК),1.0,1
36554311,ТОВ БУЛГАР-ТРАВЕЛ-ТУР,1.0,1
36520188,ТОВАРИСТВО З ОБМЕЖЕНОЮ ВІДПОВІДАЛЬНІСТЮ «ІНВЕСТИЦІЙНА КОМПАНІЯ «ГАРМОНІЯ»,1.0,1
36765683,ПРИКАРПАТТЯ ІНВЕСТ,1.0,1
36858128,УНІБУДІНВЕСТ МЕНЕДЖМЕНТ,1.0,1
36861429,ЄВРОДІН ІНТЕРНЕШНЛ МУВЕРС,1.0,1
37011495,ТОВ «ФУРЛЕНДЕР ВІНДТЕХНОЛОДЖІ»,1.0,1
37180518,БФ КАМ'ЯНЕЦЬКИЙ МОТОБОЛ,1.0,1
37112977,ПСК РИНОК СНЯТИНСЬКОГО СТ,1.0,1
37100610,М Т В,1.0,1
37097399,ПРАТ «ВІТРЯНИЙ ПАРК ОЧАКІВСЬКИЙ»,1.0,1
37078732,ТОВАРИСТВО З ОБМЕЖЕНОЮ ВІДПОВІДАЛЬНІСТЮ 'БУДІНВЕСТ-2',1.0,1
37070026,ІРВІС - КАПІТАЛ,1.0,1
37043830,ТОВАРИСТВО З ОБМЕЖЕНОЮ ВІДПОВІДАЛЬНІСТЮ «Корпорація Агропродсервіс»,1.0,1
37042341,ТОВ «П’ятирічанка»,1.0,1
37023238,ТОВАРИСТВО З ОБМЕЖЕНОЮ ВІДПОВІДАЛЬНІСТЮ 'МІРАНДА ПЛЮС',1.0,1
37016681,ТОВАРИСТВО З ОБМЕЖЕНОЮ ВІДПОВІДАЛЬНІСТЮ САМАН-ГЛЕЙ,1.0,1
36984432,ТОВ Приключение,1.0,1
36866720,ІНВЕСТИЦІЙНА КОМПАНІЯ АВТОЦЕНТР-СЕРВІС,1.0,1
36967464,ПП АГЕНТСТВО ШЕРИФ,1.0,1
36965142,МИСЛИВСЬКО-СПОРТИВНИЙ КЛУБ КАМПА,1.0,1
36956321,ТОВ ЩЕДРИЙ ДАЧНИК,1.0,1
36953011,РЕСУРСЕКОЕНЕРГО,1.0,1
36931417,АВТОМОБІЛЬНА КОМПАНІЯ СІВЕР-АВТО,1.0,1
36927161,ТОВ Спеценергомонтаж-86,1.0,1
36914098,ТОВ Підгорецьке молочко,1.0,1
36908634,ТОВАРИСТВО З ОБМЕЖЕНОЮ ВІДПОВІДАЛЬНІСТЮ ЗАКАРПАТСЬКА ПРОДОВОЛЬЧА КОМПАНІЯ,1.0,1
368881900,Ноубл Девелопмент,0.0,1
36885544,ГІДРОЕНЕРГОІНВЕСТ,1.0,1
36518289,Телерадіокомпанія ТРТ-ТБ,1.0,1
36508862,Фермерське господарство Креатида-К,1.0,1
36505327,ІНВЕСТИЦІЙНІ ПРОГРАМИ РОЗВИТКУ,1.0,1
35853616,ТОВАРИСТВО З ОБМЕЖЕНОЮ ВІДПОВІДАЛЬНІСТЮ ФІНАНСОВА КОМПАНІЯ ІНВЕСТИЦІЇ-КВАРТАЛ-НЕРУХОМІСТЬ,1.0,1
35981755,ТОВАРИСТВО З ОБМЕЖЕНОЮ ВІДПОВІДАЛЬНІСТЮ «УКРАЇНСЬКА ІНВЕСТИЦІЙНО-БУДІВЕЛЬНА КОМПАНІЯ «УКРСПОРТБУДІНВЕСТ»,1.0,1
35977211,ТОВ ІМК-ІНЖИНІРІНГ,1.0,1
35962088,ТОВ КОПІРАЙТ,1.0,1
35947866,ДОЧІРНЄ ПІДПРИЄМСТВО ІНСТИТУТ КИЇВПРОЕКТ-1 ПУБЛІЧНОГО АКЦІОНЕРНОГО ТОВАРИСТВА КИЇВПРОЕКТ,1.0,1
35947845,ДОЧІРНЄ ПІДПРИЄМСТВО ІНСТИТУТ КИЇВГЕО ПУБЛІЧНОГО АКЦІОНЕРНОГО ТОВАРИСТВА КИЇВПРОЕКТ,1.0,1
35947727,ДОЧІРНЄ ПІДПРИЄМСТВО ІНСТИТУТ КИЇВЦИВІЛЬПРОЕКТ ПУБЛІЧНОГО АКЦІОНЕРНОГО ТОВАРИСТВА КИЇВПРОЕКТ,1.0,1
35939844,СВІТ НАСІННЯ ТОВАРИСТВА З ОБМЕЖЕНОЮ ВІДПОВІДАЛЬНІСТЮ ТЕРНОПІЛЬСОРТНАСІННЄОВОЧ,1.0,1
35930742,ФАКТОР-С,1.0,1
35922113,ТОВАРИСТВО З ОБМЕЖЕНОЮ ВІДПОВІДАЛЬНІСТЮ 'ГЛОРІ ПРОПЕРТІ',1.0,1
35898400,ТОРГОВИЙ ДІМ ЖИВА,1.0,1
35825311,Євроінвестгруп ЛТД,1.0,1
359960,RAMAZZINI HOLDINGS LTD,0.0,1
35811005,ДЕНОН,1.0,1
35810511,Міжнародний Інвестиційний Банк,1.0,1
35791445,ТОВ «РТЦ «Рось»,1.0,1
35782357,ДЕЛЬТА ВЕСТ ОЙЛ ГРУП,1.0,1
35780339,Товариство з обмеженою відповідальністю Мідленд Девелопмент Україна,1.0,1
35775224,ТОВАРИСТВО З ОБМЕЖЕНОЮ ВІДПОВІДАЛЬНІСТЮ «ФОРПОСТІНВЕСТ»,1.0,1
35766005,ТзОВ ЯРЕМЧАНСЬКА РЕГІОНАЛЬНА ТОРГІВЕЛЬНА КОМПАНІЯ,1.0,1
35725435,ТОВ «ВП ДЕВЕЛОПМЕНТ»,1.0,1
35721308,"ТзОВ ,,Львівська бізнес-школа Українського Католицького Університету""",1.0,1
35715275,Товариство з обмеженою відповідальністю МЕЙН-СТРІМ,1.0,1
35985917,ОРЕЛЬКА,1.0,1
36001847,АКВАНОВА ІНВЕСТМЕНТ,1.0,1
36473374,МЦ-ФАЙНАНС,1.0,1
36238645,Товариство з обмеженою відповідальністю «ЕНЕРГОПРОМТЕКС»,1.0,1
36451476,ТОВ КАЛИНІВСЬКИЙ ВИРОБНИК,1.0,1
36447695,Телерадіокомпанія НБМ - Запоріжжя,1.0,1
36413692,КЛУБ СИРУ,1.0,1
36387500,ТРЕВЕЛ ПРОФЕШНЛ ГРУП,1.0,1
36386250,ПРАВОВА ГРУПА ЮРІМЕКС,1.0,1
36354480,ТОВ ЛОГІСТИЧНА КОМПАНІЯ ЗАХІД РЕСУРС,1.0,1
36350994,Благодійна організація БЛАГОДІЙНИЙ ФОНД СВЯТОСЛАВА ВАКАРЧУКА ЛЮДИ МАЙБУТНЬОГО,1.0,1
36336744,ТОВАРИСТВО З ОБМЕЖЕНОЮ ВІДПОВІДАЛЬНІСТЮ СМАРТ-МЕРІТАЙМ ГРУП,1.0,1
36322616,ПІДПРИЄМСТВО СПОЖИВЧОЇ КООПЕРАЦІЇ СКІФ,1.0,1
36278693,КАНІВСИРТРЕЙД,1.0,1
36236014,ТОВАРИСТВО З ОБМЕЖЕНОЮ ВІДПОВІДАЛЬНІСТЮ ПРОДЕКСИМ ЛТД,1.0,1
36009652,ІБК ГРУП,1.0,1
36208998,СІЛЬСЬКОГОСПОДАРСЬКЕ ПІДПРИЄМСТВО ЧУМАКИ,1.0,1
36175673,"ТОВ ""КОНСІОН""",1.0,1
36140982,ПОРТЕР,1.0,1
36136321,М ЕНД С ЛОГІСТІКС,1.0,1
36115689,ТОВАРИСТВО З ОБМЕЖЕНОЮ ВІДПОВІДАЛЬНІСТЮ ГЕНЕЗІС СОЛАР,1.0,1
36083830,ТОВАРИСТВО З ОБМЕЖЕНОЮ ВІДПОВІДАЛЬНІСТЮ «МБК АГРОТЕХНІКА»,1.0,1
36079321,ПРИВАТНЕ ПІДПРИЄМСТВО ЛЕДІ-ФЛАЙ,1.0,1
36049810,АКВАНОВА КОНСТРАКШН,1.0,1
36040472,РБКОМ,1.0,1
36010495,СОЛОМ'ЯНСЬКИЙ МПЗ,1.0,1
37193307,ТОВАРИСТВО З ОБМЕЖЕНОЮ ВІДПОВІДАЛЬНІСТЮ ВАЛІДУС,1.0,1
37203110,ТОВАРИСТВО З ОБМЕЖЕНОЮ ВІДПОВІДАЛЬНІСТЮ ФЕСТЛАНД,1.0,1
37247844,ТОВ ДИСТРИБЮТЦЕНТР,1.0,1
37938324,Мастер-4,1.0,1
37974891,ТОВ БДР-Консалт,1.0,1
37971230,ДЖИВАЛЬДІС,1.0,1
37965557,М ЕНД С ТРЕЙДІНГ,1.0,1
37963209,ТОВ «Епіцентр Н»,1.0,1
37957918,ТОВАРИСТВО З ОБМЕЖЕНОЮ ВІДПОВІДАЛЬНІСТЮ МУКАЧІВСЬКИЙ ЦУМ,1.0,1
37954634,ТОВ Мистецький простір,1.0,1
37944343,ТОВ «УПРАВЛЯЮЧА КОМПАНІЯ «ВІТРЯНІ ПАРКИ УКРАЇНИ»,1.0,1
37944186,ТОВ «КЗТС-ЖД-СЕРВІС»,1.0,1
37942702,ТОВ «ВІТРЯНИЙ ПАРК КРАСНОДОНСЬКИЙ»,1.0,1
37938350,Мастер-3,1.0,1
37909199,ТОВ «ШАХТА 1-3 «НОВОГРОДІВСЬКА»,1.0,1
37993448,ХМЕЛЬНИЦЬКИЙ ОБЛАСНИЙ БЛАГОДІЙНИЙ ФОНД БЛАГОДІЙНИЙ ФОНД СЕРГІЯ ЛАБАЗЮКА МИ ПОРУЧ,1.0,1
37904583,ТОВ «ВІТРЯНИЙ ПАРК ЛУТУГИНСЬКИЙ»,1.0,1
37881823,ТОВ АЛЬТЕР ЕГО ФАРМА,1.0,1
37878721,КОРПОРАЦІЯ 'КОНФЛЕНД',1.0,1
37849528,М ЕНД С СТАФФ ІНСПЕРЕЙШН СИСТЕМС,1.0,1
37838186,КСМ ПРОТЕК,1.0,1
37826846,ОХОРОННА КОМПАНІЯ УКРСПЕЦБЕЗПЕКА ,1.0,1
37824346,ТОВ Успенський рибгосп,1.0,1
37811630,КЛІНЕРС УКРАЇНА,1.0,1
37808224,Євроальянс плюс,1.0,1
37805847,ТОВАРИСТВО З ОБМЕЖЕНОЮ ВІДПОВІДАЛЬНІСТЮ КОМПАНІЯ ПОЛІТРЕЙД,1.0,1
37987680,ДНІПРОМЛИН,1.0,1
37993500,ТОВАРИСТВО З ОБМЕЖЕНОЮ ВІДПОВІДАЛЬНІСТЮ АГРОХІМІЧНА КОМПАНІЯ ВІТАГРО,1.0,1
37777145,БЛАГОДІЙНИЙ ФОНД ІВАНА ІВАНОВИЧА МЕЛЬНИЧУКА,1.0,1
38062440,ТОВАРИСТВО З ОБМЕЖЕНОЮ ВІДПОВІДАЛЬНІСТЮ «НАУКОВО-ВИРОБНИЧА ФІРМА «ГЕОФІЗИКА-21»,1.0,1
40684443,ТОВАРИСТВО З ОБМЕЖЕНОЮ ВІДПОВІДАЛЬНІСТЮ ПОДІЛЬСЬКА ПАЛИВНА КОМПАНІЯ,1.0,1
38103460,ТОВАРИСТВО З ОБМЕЖЕНОЮ ВІДПОВІДАЛЬНІСТЮ СМАРТ ЕНЕРДЖІ,1.0,1
38100077,ТОВАРИСТВО З ОБМЕЖЕНОЮ ВІДПОВІДАЛЬНІСТЮ ГРУПА КОМПАНІЙ ВІТАГРО,1.0,1
38099418,Благодійний Фонд Разом-Здолаємо,1.0,1
38094526,ВОЗДВИЖЕНСЬКЕ,1.0,1
38091136,УКРАЇНСЬКЕ ІНТЕРНЕТ ТЕЛЕБАЧЕННЯ,1.0,1
38090017,Товариство з обмеженою відповідальністю ДІКСІ ГРУП,1.0,1
38077944,ТОВАРИСТВО З ОБМЕЖЕНОЮ ВІДПОВІДАЛЬНІСТЮ 'ЖК СТАРОНАВОДНИЦЬКИЙ',1.0,1
38077923,ТОВАРИСТВО З ОБМЕЖЕНОЮ ВІДПОВІДАЛЬНІСТЮ 'ФУНДАМЕНТ ДЕВЕЛОПМЕНТ',1.0,1
38063334,ГРОМАДСЬКА ОРГАНІЗАЦІЯ 'МУЗЕЙ ІСТОРІЇ ЄВРЕЇВ УКРАЇНИ',1.0,1
38061832,"ТОВ ""Компанія з управління активами ""БІЗНЕС-ГАРАНТ""",1.0,1
37994258,"Національна комісія, що здійснює державне регулювання у сфері зв'язку і інформатизації ",1.0,1
38055009,СПОЖИВЧЕ ТОВАРИСТВО АЛЕКСАНДРА,1.0,1
38045671,СИСТЕМИ ДЛЯ БІЗНЕСУ,1.0,1
38038203,ТОВАРИСТВО З ОБМЕЖЕНОЮ ВІДПОВІДАЛЬНІСТЮ «Агропродсервіс Ігровиця» ,1.0,1
38036398,"ТОВ ""ДЕТЕКТИВНЕ АГЕНСТВО БІТТ""",1.0,1
38031297,"ГО ""ФЕДЕРАЦІЯ КІКБОКСИНГУ ВІННИЦЬКОЇ ОБЛАСТІ ""ВАКО""""",1.0,1
38030199,Товариство з обмеженою відповідальністю Хмільницький завод сухого знежиреного молока Молочний візит,1.0,1
38007107,ЗВ'ЯЗКОВИЙ,1.0,1
37999110,ОВБ,1.0,1
37995728,КОНФЕДЕРАЦІЯ БУДІВЕЛЬНИКІВ УКРАЇНИ,1.0,1
37994478,ТОВАРИСТВО З ОБМЕЖЕНОЮ ВІДПОВІДАЛЬНІСТЮ АЗОВ ПЕТРОЛЕУМ ЛЛС,1.0,1
37786882,Буд Інвест Ком,1.0,1
37771216,АРІАДНА ТВ,1.0,1
37257077,МИСЛИВСЬКИЙ ТА СПОРТИВНИЙ КЛУБ КАМПА,1.0,1
37370550,АПК УКРАГРО,1.0,1
37512309,КЛОВІН УКРАЇНА,1.0,1
37509977,ТОВАРИСТВО З ОБМЕЖЕНОЮ ВІДПОВІДАЛЬНІСТЮ ІНКО ГРУП,1.0,1
37500419,Публічне акціонерне товариство «Закритий недиверсифікований венчурний корпоративний інвестиційний фонд «ОФЕРЕНТ»,1.0,1
37478792,ОСВІТНІЙ ПОРТАЛ,1.0,1
37413929,ПРИВАТНЕ ПІДПРИЄМСТВО ХОУП ПЛЮС,1.0,1
37408877,ПІДПРИЄСТВО СПОЖИВЧОЇ КООПЕРАЦІЇ ПОКУТТЯ,1.0,1
37408861,ПІДПРИЄСТВО СПОЖИВЧОЇ КООПЕРАЦІЇ ЗАБОЛОТІВ,1.0,1
37403952,БЄЛОНА,1.0,1
37395124,ТОВ «Алга Актив»,1.0,1
37387538,МОЛОЧНА ЛАВКА,1.0,1
37355904,Товариство з обмеженою відповідальністю «ТОРГОВИЙ ДІМ «ПРОЛЕТАРІЙ»,1.0,1
37534254,МІЖНАРОДНА ГРОМАДСЬКА ОРГАНІЗАЦІЯ 'ІНСТИТУТ ПРАВ ЛЮДИНИ І ЗАПОБІГАННЯ ЕКСТРЕМІЗМУ ТА КСЕНОФОБІЇ',1.0,1
37345613,ТОВАРИСТВО З ОБМЕЖЕНОЮ ВІДПОВІДАЛЬНІСТЮ «Вірлів - Агробізнес»,1.0,1
37334349,ТОВ ІМПОРТ КОМПЛЕКС,1.0,1
37333587,КСМ-ТРЕЙД,1.0,1
37316907,СПЕЦІАЛЬНИЙ ДОРОЖНІЙ СЕРВІС,1.0,1
37311375,ТОВ «Компанія з управління активами «Атена Груп»,1.0,1
37292656,АГРАРНЕ ЛОГІСТИЧНЕ ПАРТНЕРСТВО,1.0,1
37292640,МУРАВЕЙ-УКРАЇНА,1.0,1
37292551,ТОВАРИСТВО З ОБМЕЖЕНОЮ ВІДПОВІДАЛЬНІСТЮ ЕРА-МЕДІА,1.0,1
37287709,ІНТЕРГУМА-2010,1.0,1
37267038,ПРОФЕСІЙНИЙ ДОРОЖНІЙ СЕРВІС,1.0,1
37527933,Благодійна організація Фонд Братів ДУБНЕВИЧІВ,1.0,1
37545266,ОБЛАСНА КУР'ЄРСЬКА СЛУЖБА,1.0,1
37771169,НОВИЙ ФОРМАТ ТВ,1.0,1
37706503,Товариство з обмеженою відповідальністю Грін-Медіа,1.0,1
37733597,ТОВ «АГРОТРЕЙД ГРУП»,1.0,1
37732973,ТОВ «ІНСТАНТ ФУДС ГРУП»,1.0,1
37726100,ДІЛАЙС ПЛЮС,1.0,1
37726069,"ТОВАРИСТВО З ОБМЕЖЕНОЮ ВІДПОВІДАЛЬНІСТЮ ""1+1 ІНТЕРНЕТ""",1.0,1
37725945,ЛІДЕР ТВ,1.0,1
37725044,Медсервіс-Плюс,1.0,1
37717618,ТВ ВИБІР,1.0,1
37717583,ПАРТНЕР ТВ,1.0,1
37716815,товариство з обмеженою відповідальністю АСТРА ФІНАНС,1.0,1
37706922,ЛЕЙК ЗНГ,1.0,1
37700941,ТОВАРИСТВО З ОБМЕЖЕНОЮ ВІДПОВІДАЛЬНІСТЮ САНТОС КАПІТАЛ,1.0,1
375462,RISTONE OIL LTD,0.0,1
37700936,ТОВАРИСТВО З ОБМЕЖЕНОЮ ВІДПОВІДАЛЬНІСТЮ АКУС,1.0,1
37700907,ТОВАРИСТВО З ОБМЕЖЕНОЮ ВІДПОВІДАЛЬНІСТЮ МОДУС КАПІТАЛ,1.0,1
37700852,ТОВАРИСТВО З ОБМЕЖЕНОЮ ВІДПОВІДАЛЬНІСТЮ КЛІОС,1.0,1
37683743,ТОВ «АВАНГАРД 1955»,1.0,2
37683717,ТОВ «АТОМВІНД-КРАМАТОРСЬК»,1.0,1
37683680,ТОВ «ФЕЛЬБЕРМАЕР УКРАЇНА»,1.0,1
37678094,ВІЗАРД ГРУП,1.0,1
37608603,ТОРГІВЕЛЬНИЙ ДІМ КАМБІО,1.0,1
37600693,ЗІНЬКІВЗЕМПРОЕКТ,1.0,1
40673227,"АКЦІОНЕРНЕ ТОВАРИСТВО ""ЗАКРИТИЙ НЕДИВЕРСИФІКОВАНИЙ ВЕНЧУРНИЙ КОРПОРАТИВНИЙ ІНВЕСТИЦІЙНИЙ ФОНД ""МЕДІСОН""",1.0,1
40721977,Юридична Компанія Роял Лекс,1.0,1
40690401,ТОВ ТЕПЛОСЕРВІС АНДРІЇВКА,1.0,1
40703297,АКЦІОНЕРНЕ ТОВАРИСТВО ЗАКРИТИЙ НЕДИВЕРСИФІКОВАНИЙ ВЕНЧУРНИЙ КОРПОРАТИВНИЙ ІНВЕСТИЦІЙНИЙ ФОНД ГЕНЕЗИС,1.0,1
HE 305789,FLAMEPICK COMPANY LIMITED,0.0,1
HE 305492,UROZHAY SYSTEM LIMITED,0.0,1
HE 305476,SH AGRO FINANCE HOLDING LIMITED,0.0,1
HE 305469,HOLDACTIV LIMITED,0.0,1
HE 300457,DIKASTIO HOLDINGS LIMITED,0.0,1
HE 296856,SKMZ HOLDINGS LIMITED,0.0,1
HE 293440,KARALIA HOLDINGS LIMITED,0.0,1
HE 291656,ATOMWIND KRAMATORSK HOLDINGS LIMITED,0.0,1
HE 287955,FELBERMAYR WIND LOGISTICS HOLDING CYPRUS LIMITED,0.0,1
HE 275980,KME INVEST FINANCE LIMITED,0.0,1
HE 275900,FUHRLEANDER WINDTECHNOLOGIES HOLDING LIMITED,0.0,1
HE 274711,FWT PRODUCTION LIMITED,0.0,1
HE 256025,HC WINDPARKS UKRAINE LIMITED,0.0,1
HE 245436,KZTS HOLDINGS LIMITED,0.0,1
HE 232967,UKRAINIAN MACHINEBUILDING PLANTS M.S. LIMITED,0.0,1
H20215,SARS Capital International Ltd,0.0,1
FN363403t,OMBRI ELECTRICAL ENERGY HOLDING GMBH,0.0,1
FN 376224 x,ITSH Holding GmbH,0.0,1
FL-0002.523.655-1,Agate Stiftung,0.0,1
CHE-271.033.971,PETROLEUM TRADING GROUP SA,0.0,1
CHE-252.270.996,Amber Production AG,0.0,1
CHE-222.282.316,Estate Business AG,0.0,1
CHE-202.503.833,WIND ENERGY GROUP SA,0.0,1
HE 308454,UDG ENTERPRISES LIMITED,0.0,1
HE 310484,EVINOLO HOLDINGS LIMITED,0.0,1
HE 313167,DEWOTT HOLDINGS LIMITED,0.0,1
HE136534,VARDCOM TRADING LIMITED,0.0,1
HE153723,I.S.H.C. Industrial Steel Holding Co Limited,0.0,1
HE153278,CRASCODA HOLDINGS LIMITED,0.0,1
HE153231,IGH Industrial Group Holding Limited,0.0,1
HE152977,SORKIZA VENTURES LIMITED,0.0,1
HE151405,FLOXAMA INVESTMENTS LIMITED,0.0,1
HE146558,MONIER VENTURES LIMITED,0.0,1
HE140740,VICTOREX LIMITED,0.0,1
HE140113,LEX PERFECTA LIMITED,0.0,1
HE138799,MARGAROZA COMMERCIAL LIMITED,0.0,1
HE138181,KERELIO COMMERCIAL LIMITED,0.0,1
HE135951,SUNFOL COMMERCIAL LIMITED,0.0,1
HE 318520,ZEILOUSE HOLDINGS LIMITED,0.0,1
HE135719,DORMOON TRADING LIMITED,0.0,1
HE135370,GENRETO COMMERCIAL LIMITED,0.0,1
HE134349,SOLTEX LIMITED,0.0,1
HE134282,TAPESTA LIMITED,0.0,1
HE134273,MATRIMAX LIMITED,0.0,1
HE134271,WALLTRON LIMITED,0.0,1
HE128630,UTELO HOLDINGS LIMITED,0.0,1
HE126071,LENDRINO COMMERCIAL LIMITED ,0.0,1
HE100707,Meltako Trading Ltd,0.0,1
HE 341325,TPG TOUR OPERATOR (EUROPE) LTD,0.0,1
C71563,Azalea Holdings Ltd.,0.0,1
C54004,"LIMITED LIABILITY COMPANY ""ICAPITAL INVESTMENTS MALTA LTD""",0.0,1
C50788,LIKANOVA INVESTMENTS LTD,0.0,1
43425539,БЦ-СОЛАР ГРУП,1.0,1
48311049,Original Copy s.r.o.,0.0,1
48287580,Санітас П.К.,0.0,1
48 287 580,Sanitas P.K.,0.0,1
47443,FREGATA MARINE LTD,0.0,1
468658,Salaminia Commercial Limited,0.0,1
"46,813",BILLCAST HOLDINGS LTD,0.0,1
4596644,LARIDGE INVESTMENTS LIMITED,0.0,1
4462555,REGAL PETROLEUM PLC,0.0,1
4445610,INTERMAY MANAGEMENT LTD,0.0,1
43430601,ТОВ «ФВТ СЕРВІС»,1.0,1
43420991,ТОВАРИСТВО З ОБМЕЖЕНОЮ ВІДПОВІДАЛЬНІСТЮ 'КОМПАНІЯ РММ',1.0,1
5242778533,ТОВАРИСТВО З ОБМЕЖЕНОЮ ВІДПОВІДАЛЬНІСТЮ ПРОФІ-ЦЕНТЕР,0.0,1
43414050,ВАЦАК ІНДАСТРІ,1.0,1
43379341,БЛАГОДІЙНИЙ ФОНД МІСТО СОНЦЯ,1.0,1
43348931,НАЦІОНАЛЬНА СИРНА КОМПАНІЯ,1.0,1
43346782,СОНРІС ЛТД,1.0,1
43318430,ТОВАРИСТВО З ОБМЕЖЕНОЮ ВІДПОВІДАЛЬНІСТЮ НАВИ,1.0,1
43297924,Атласінфра,1.0,1
43287277,ТОВ ЕЙФЕЛЬ СЕРВІС,1.0,1
43283597,ГО МИ-КАМ'ЯНЧАНИ,1.0,1
43264443,ТОВАРИСТВО З ОБМЕЖЕНОЮ ВІДПОВІДАЛЬНІСТЮ ІНСИМФОНІ,1.0,1
43258487,ВЕСТ ПЕТРОЛ МАРКЕТ ЛТД,1.0,1
5167746293248,TREND OPTIMA LIMITED LIABILITY COMPANY,0.0,1
5252958,REGAL GROUP SERVICES LIMITED,0.0,1
C39410 ,IMEANI INVESTMENTS LIMITED ,0.0,1
81-1650472,Oleksandr Feldman Foundation,0.0,1
C24004,FOILS OVERSEAS LTD,0.0,1
C 59280,SUNOR LTD ,0.0,1
C 24002,TRUSTCORE OVERSEAS LTD,0.0,1
B177795,AGROREGION S.A.R.L,0.0,1
B170078,TROHIA VENTURES SA,0.0,1
B113008,BOUTIFOUR SA,0.0,1
92-830629,Feruvita S.L.,0.0,1
8590654945,ТОВ «ТРАВЕЛ ПРОФЕССІОНАЛ ГРОУП ТУРКЕ ТУРІЗМ ТІДЖАРЕТ ТАШИМАДЖИЛИК ІТХАЛЯТ ВЕ ІХРАДЖАТ ЛІМІТЕД ШИРКЕТІ»,0.0,1
83838,REGAL PETROLEUM (JERSEY) LIMITED,0.0,1
81-3755079,PDTM 2505 LLC,0.0,1
75248437800019,SCI VILLA SAINT MICHEL,0.0,1
570070,CRIMARE INVESTMENTS LTD,0.0,1
7184832000,Ensun,0.0,1
66866,REGAL PETROLEUM CORPORATION LIMITED,0.0,1
642790,ATTOLAM VENTURES LTD,0.0,1
642784,GEIORA MANAGEMENT LTD,0.0,1
642098,BAIKEENS INVESTMENTS LTD,0.0,1
642083,SELDON VENTURES LTD,0.0,1
"60,589",PERPLEX INVESTMENTS LTD,0.0,1
5987071,Coding Rocks LLC,0.0,1
59351381,AGROREGION B.V.,0.0,1
58923934,West Oil Group Holding ,0.0,1
HE158086,PERMERIS INVESTMENTS LIMITED,0.0,1
HE158743,DYNALOM ENTERPRISES LIMITED,0.0,1
HE161938,Ri-System Limited,0.0,1
HE313457,FROMER HOLDING LIMITED,0.0,1
HE330133,GAZARO LTD,0.0,1
HE327502,VENTOLOR INVESTMENTS LIMITED ,0.0,1
HE327492,VENTOLOR HOLDING LIMITED ,0.0,1
HE324992,W.O.G. HOLDING LIMITED,0.0,1
HE324859,SELDIMOR OVERSEAS LIMITED,0.0,1
HE323549,Sureira Investment LTD,0.0,1
HE322284,RENVIOR TRADING LIMITED,0.0,1
HE322242,VONEDLOR TRADING LIMITED,0.0,1
HE319355,TOMINERSA INVESTMENTS LTD,0.0,1
HE317007,LERIT HOLDINGS LIMITED,0.0,1
HE310019,BURRBUSH HOLDINGS LIMITED,0.0,1
HE334750,VISTORMIA HOLDINGS LTD,0.0,1
HE308384,BREVISA HOLDINGS LTD,0.0,1
HE308373,BENTIANO INVESTMENTS LTD,0.0,1
HE308101,MILKONICA HOLDING GROUP LIMITED,0.0,1
HE307939,BLUSTEM LIMITED,0.0,1
HE306906,PROMQUET HOLDINGS LIMITED,0.0,1
HE305492,UROZHAY SYSTEM LIMITED,0.0,1
HE305476,SH AGRO FINANCE HOLDING LIMITED,0.0,1
HE305469,HOLDACTIV LIMITED,0.0,1
HE300980,STAPRELA HOLDINGS LTD,0.0,1
HE300738,NADEM INVESTMENTS LIMITED,0.0,1
HE334198,BOUNDRYCO LTD,0.0,1
HE335084,РЕФЕРА ІСТЕБЛІШМЕНТ ЛІМІТЕД,0.0,1
HE300700,KINSTAR TRADING LIMITED,0.0,1
HE373041,RUNONA HOLDING LIMITED,0.0,1
HRB 95356,Windpark Kratzenburg GmbH,0.0,1
HRB 101996,Windpark Spremberg GmbH,0.0,1
HRA 3128,W2E Windpark UG (haftungsbeschrankt) Kankel 3 KG,0.0,1
HRA 12010,JWP Jade Park Windpark GmbH Co.27.Betriebs KG,0.0,1
HRA 11639,JWP Jade Park Windpark GmbH Co.17.Betriebs KG,0.0,1
HE69536,ALVHO TRADING LIMITED,0.0,1
HE399953,EPIAGRO HOLDING LIMITED,0.0,1
HE383108,TSALA VENTURES LIMITED,0.0,1
HE377084,PLASA ESTABLISHMENT LIMITED,0.0,1
HE375756,GEMENEL INVESTMENTS LTD,0.0,1
HE371106,SERADA ENTERPRISES LIMITED,0.0,1
HE335524,LEDISALIO HOLDINGS LTD,0.0,1
HE370311,Herose Enterprises LTD ,0.0,1
HE369589,Сендлорд Холдінг ЛТД,0.0,1
HE366075,Lucamore LTD,0.0,1
HE363657,БРОВ ХОЛДІНГC ЛІМІТЕД,0.0,1
HE362626,PARNASIO HOLDINGS LIMITED,0.0,1
HE361940,ORLANO INVESTMENT HOLDINGS LIMITED,0.0,1
HE358282,Л.ВДС Проперті Девелопмент ЛТД,0.0,1
HE355546,OVITILIO LTD,0.0,1
HE346889,Neolena Enterprises LTD,0.0,1
HE335812,CEE Confectionery Investments Limited,0.0,1
HE300719,SLANSAN HOLDINGS LIMITED,0.0,1
HE300609,MIZONIO HOLDINGS LIMITED,0.0,1
HE163694,BROSTA ENTERPRISES LIMITED,0.0,1
HE232967,UKRAINIAN MACHINEBUILDING PLANTS M.S. LIMITED,0.0,1
HE260911,Frankiro Holdings Limited,0.0,1
HE260901,Parborio Holdings Limited,0.0,1
HE259552,ТЕРФЕЛ ВЕНЧЕЗ ЛІМІТЕД,0.0,1
HE256025,HC WINDPARKS UKRAINE LIMITED,0.0,1
HE246946,ZADA HOLDINGS LIMITED,0.0,1
HE242638,MIOSARIA COMMERCIAL LTD ,0.0,1
HE240876,ZOCATINI ENTERPRISES LTD,0.0,1
HE237224,ECRA HOLDINGS LIMITED,0.0,1
HE234250,TRAYLORY VENTURES LIMITED,0.0,1
HE233395,DARGAMO HOLDINGS LIMITED,0.0,1
HE204325,NARELLAN ENTERPRISES LIMITED,0.0,1
HE264001,Depaktia Holdings Ltd,0.0,1
HE201328,CULATA LIMITED,0.0,1
HE197413,THESPESIO INVESTMENTS LTD,0.0,1
HE196050,MILOSER INVESTMENTS LTD ,0.0,1
HE196026,SALTENIO HOLDINGS LTD,0.0,1
HE195970,SOURCAL DEVELOPMENT LTD,0.0,1
HE194392,INTORIAN ENTERPRISES LTD ,0.0,1
HE183297,ARROWCREST LIMITED,0.0,1
HE172170,VALSTROM LIMITED,0.0,1
HE169836,MORLAIX HOLDINGS LIMITED,0.0,1
HE168949,SMERDON VENTURES LIMITED,0.0,1
HE261618,Decosmia Enterprises Ltd,0.0,1
HE264491,Lepolia Holdings Ltd,0.0,1
HE298246,CHERIVO DEVELOPMENT LTD,0.0,1
HE279952,PARAVITA HOLDING LIMITED,0.0,1
HE295144,FRESHSKILL CONSULTING LIMITED,0.0,1
HE295079,Turul Investments Limited,0.0,1
HE293069,RUBRUM COMMERCIAL LTD,0.0,1
HE292554,BERECYNTHIO INVESTMENTS LTD ,0.0,1
HE292471,TUMILLON INVESTMENTS LTD,0.0,1
HE288346,РАСІКА ІНВЕСТМЕНТС ЛІМІТЕД,0.0,1
HE286635,ORMELON DEVELOPMENT LTD,0.0,1
HE285835,OMBRI ELECTRICAL ENERGY CO. LIMITED,0.0,1
HE282052,AVEC UKRAINE GROUP LIMITED,0.0,1
HE281497,ARMINOI HOIDINGS LIMITED,0.0,1
HE278542,Dotted Perk Ltd,0.0,1
HE264498,Subinera Trading Ltd,0.0,1
HE275980,KME INVEST FINANCE LIMITED,0.0,1
HE275757,ВОЛОМАТА ІНВЕСТМЕНТС ЛІМІТЕД,0.0,1
HE274664,Elmafena Holdings LTD,0.0,1
HE274646,PROTOGEMS INVESTMENTS LIMITED ,0.0,1
HE272098,FYROTEL HOLDINGS LTD,0.0,1
HE268708,Kerkarino Holdings Limited,0.0,1
HE267919,KIRENA HOLDINGS LTD,0.0,1
HE266980,LERONZOR TRADING LTD,0.0,1
HE265706,GERTIZ VENTURES LTD,0.0,1
HE264508,Akamea Holdings Ltd,0.0,1
43218093,ТРИБ'ЮТ КОНСАЛТИНГ,1.0,1
43207909,Голден Спайс,1.0,1
43203003,"АКЦІОНЕРНЕ ТОВАРИСТВО ""ЗАКРИТИЙ НЕДИВЕРСИФІКОВАНИЙ ВЕНЧУРНИЙ КОРПОРАТИВНИЙ ІНВЕСТИЦІЙНИЙ ФОНД ""АЛЬТІС""",1.0,1
41461528,ТОВАРИСТВО З ОБМЕЖЕНОЮ ВІДПОВІДАЛЬНІСТЮ ГОТЕЛЬ ДРУЖБА,1.0,1
41550990,РЦД Люкс,1.0,1
41544724,ТОВ САНЕНЕРДЖІ,1.0,1
41543301,ТОВАРИСТВО З ОБМЕЖЕНОЮ ВІДПОВІДАЛЬНІСТЮ УКРДИМОВЕНТ,1.0,1
41537654,АПАРТМЕНТ БІЛДІНГ ЛТД,1.0,1
41520609,"ГРОМАДСЬКА ОРГАНІЗАЦІЯ ""ЧИСТИЙ ХАРКІВ""",1.0,1
41518605,Риба Люкс,1.0,1
41501607,ЄС ПАРТНЕРС,1.0,1
41482930,АО МАМКА ТА ПАРТНЕРИ,1.0,1
41478882,ТОВАРИСТВО З ОБМЕЖЕНОЮ ВІДПОВІДАЛЬНІСТЮ «Перша Гусина» ,1.0,1
41476890,ТОВ СОЛАР ЕНЕРДЖИ УРКРАЇНА,1.0,1
41437757,РІСТОН ОЙЛ,1.0,1
41575794,ТОВАРИСТВО З ОБМЕЖЕНОЮ ВІДПОВІДАЛЬНІСТЮ ОЧАКІВ ПАРК,1.0,1
41436580,СКЛИК,1.0,1
41412994,ТОВАРИСТВО З ОБМЕЖЕНОЮ ВІДПОВІДАЛЬНІСТЮ СМАРТ-МЕРІТАЙМ АКТИВ,1.0,1
41387869,МІЛЛ МОЛЛ,1.0,1
41369881,"Громадська спілка ""Національна асоціація захисників тварин та навколишнього природного середовища""",1.0,1
41332872,ДЕТЕКТИВНЕ ОХОРОННЕ АГЕНСТВО ШТОРМ,1.0,1
41332165,Стюарт Флоат Гласс,1.0,1
41332102,Сенд Індастрі,1.0,1
41329440,ТОВ МЕДКОМПЛЕКТ-УА,1.0,1
41326282,БЛАГОДІЙНИЙ ФОНД СВІТ НАВКОЛО НАС,1.0,1
41325577,ТОВАРИСТВО З ОБМЕЖЕНОЮ ВІДПОВІДАЛЬНІСТЮ «Разом Плюс»,1.0,1
41554947,Товариство з обмеженою відповідальністю «ЛИСИЧАНСЬКИЙ СКЛЯНИЙ ЗАВОД»,1.0,1
41588756,ТОВАРИСТВО З ОБМЕЖЕНОЮ ВІДПОВІДАЛЬНІСТЮ «Українське м’ясо»,1.0,1
41290141,ТОВАРИСТВО З ОБМЕЖЕНОЮ ВІДПОВІДАЛЬНІСТЮ ЕСКОМ ПЛЮС,1.0,1
41744733,ОДГ ЛЕНД,1.0,1
41932936,ТОВАРИСТВО З ОБМЕЖЕНОЮ ВІДПОВІДАЛЬНІСТЮ ІСТ СОЛЮШН ГРУП,1.0,1
41920281,Українська Основа,1.0,1
41919061,ТОВ ВОСЬМИНІГ. СТРАТЕГІЧНИЙ КОНСАЛТИНГ,1.0,1
41895533,"ГРОМАДСЬКА ОРГАНІЗАЦІЯ ""ТАКСАКАДЕМІ""",1.0,1
41883910,БУДІВЕЛЬНА КОМПАНІЯ БИСТРИЙ ДОМ,1.0,1
41883203,Товариство з обмеженою відповідальністю ТД Автошина,1.0,1
41840971,ТОВАРИСТВО З ОБМЕЖЕНОЮ ВІДПОВІДАЛЬНІСТЮ РЕСТ-МАРКЕТ ГРУП,1.0,1
41827348,Громадська спілька Асоціація Футболу АР Крим,1.0,1
41818862,ТОВАРИСТВО З ОБМЕЖЕНОЮ ВІДПОВІДАЛЬНІСТЮ АГРОПРОМ СУТКІВЦІ,1.0,1
41774506,БЛАГОДІЙНИЙ ФОНД ІГОРЯ ВАСИЛЬКОВСЬКОГО,1.0,1
41717909,АГРОХОЛДИНГ АГРОІНВЕСТ,1.0,1
41605650,Слобожанський Альянс,1.0,1
41715812,Центр комплексної безпеки,1.0,1
41703566,КОРПОРАЦІЯ ТРАНСОФТГРУПА,1.0,1
41687162,СЛУЖБА БЕЗПЕКИ ШТОРМ,1.0,1
41679371,ЗАКРИТИЙ НЕДИВЕРСИФІКОВАНИЙ ВЕНЧУРНИЙ КОРПОРАТИВНИЙ ІНВЕСТИЦІЙНИЙ ФОНД АЛГОРИТМ,1.0,1
41669.0,AQUILA AVIATION A.V.V.,0.0,1
41654294,ІНІЦІАТИВА РЕАЛЬНИХ ДІЙ,1.0,1
416297260,LTD SnowLab,0.0,1
41625844,ОДЕСА ДЕВЕЛОПМЕНТ ГРУП,1.0,1
41622723,ТОВАРИСТВО З ОБМЕЖЕНОЮ ВІДПОВІДАЛЬНІСТЮ СМАРТ БІЗНЕС СЕРВІС,1.0,1
41616657,ОХОРОННЕ АГЕНСТВО ШТОРМ,1.0,1
41325294,"БЛАГОДІЙНА ОРГАНІЗАЦІЯ ""ВСЕУКРАЇНСЬКИЙ БЛАГОДІЙНИЙ ФОНД ""АТБ""",1.0,1
41290100,ТОВ «ВІТРЯНИЙ ПАРК БЛАГОДАТНИЙ»,1.0,1
41943073,ФГ 'Кириченко О',1.0,1
40854249,АДВОКАТСЬКЕ ОБ'ЄДНАННЯ ВЕЛЬМОЖНИЙ ТА ПАРТНЕРИ,1.0,1
40965028,АЛП ІНВЕСТМЕНТ,1.0,1
40957918,Юридична компанія Брейн,1.0,1
40957436,МЕНА ПЛЮС,1.0,1
40907762,Євро Трейд Інжиніринг,1.0,1
40906905,АРКТУР І КО,1.0,1
40884007,ТОВАРИСТВО З ОБМЕЖЕНОЮ ВІДПОВІДАЛЬНІСТЮ 'КОМПАНІЯ БЛЕК СІ',1.0,1
40882277,Благодійна організація Благодійний фонд Ігоря Колихаєва,1.0,1
40879086,БАВАРСЬКИЙ ДВІР,1.0,1
40868734,КІНОЛАВ,1.0,1
40862046,ТОВАРИСТВО З ОБМЕЖЕНОЮ ВІДПОВІДАЛЬНІСТЮ 'ІНВЕСТ СТАЙЛ',1.0,1
40843835,"ТЗОВ ""ЛІДЕР-ОРТО""",1.0,1
41000562,"громадська організація ""Рух нових сил Михайла Саакашвілі""",1.0,1
40834527,ТОВ Активна Країна К,1.0,1
40803297,"АКЦІОНЕРНЕ ТОВАРИСТВО ""ЗАКРИТИЙ НЕДИВЕРСИФІКОВАНИЙ ВЕНЧУРНИЙ КОРПОРАТИВНИЙ ІНВЕСТИЦІЙНИЙ ФОНД ""ГЕНЕЗИС""",1.0,1
40795530,ПРИВАТНЕ ПІДПРИЄМСТВО «Ярославичі-Агро»,1.0,1
40780718,ІНФОРМАЦІЙНЕ АГЕНТСТВО 112-УКРАЇНА,1.0,1
40774856,ЮРИДИЧНА СІМЕЙНА КОМПАНІЯ ІН АЛЬТО,1.0,1
40774809,АЙ-ДІ АЛЬТО,1.0,1
40770757,ТОВ Активна Країна З,1.0,1
40756952,"Товариство з обмеженою відповідальністю ""БК Інтер-буд""",1.0,1
35665790,ТОВАРИСТВО З ОБМЕЖЕНОЮ ВІДПОВІДАЛЬНІСТЮ РЕГАЛ ПЕТРОЛЕУМ КОРПОРЕЙШН (ЮКРЕЙН) ЛІМІТЕД,1.0,1
40721385,ЛЕЗЕНДАР,1.0,1
40994902,ТОВАРИСТВО З ОБМЕЖЕНОЮ ВІДПОВІДАЛЬНІСТЮ МОГУЛ ЛУБРІКАНТС,1.0,1
41048714,ЦЕНТРУРІОН-ДІСТРІБЮШИН,1.0,1
41282764,ТОВАРИСТВО З ОБМЕЖЕНОЮ ВІДПОВІДАЛЬНІСТЮ СОТОН ТРЕЙД,1.0,1
41168973,ТЕПЛОІНВЕСТ-ХОРТИЦЯ,1.0,1
41272934,ТОВ ЕКО-ПОЛІС УКРАЇНА,1.0,1
41264970,ТОВАРИСТВО З ОБМЕЖЕНОЮ ВІДПОВІДАЛЬНІСТЮ ПОДІЛЬСЬКА АГРАРНА КОМПАНІЯ,1.0,1
41264462,ТОВ ЮВЕЛІРНИЙ ДІМ СОВА ,1.0,1
41264394,ТОВ АФІНАЖ КИЇВ,1.0,1
41235819,М СЕК'ЮРІТІ,1.0,1
41219535,ТОВАРИСТВО З ОБМЕЖЕНОЮ ВІДПОВІДАЛЬНІСТЮ ЛС ПРОПЕРТІ,1.0,1
41218128,ТОВАРИСТВО З ОБМЕЖЕНОЮ ВІДПОВІДАЛЬНІСТЮ ГОРИНЬ АГРО ПЛЮС,1.0,1
41203038,ТОВАРИСТВО З ОБМЕЖЕНОЮ ВІДПОВІДАЛЬНІСТЮ ЗАКАРПАТПОСТАЧБУД,1.0,1
41202563,ТОВАРИСТВО З ОБМЕЖЕНОЮ ВІДПОВІДАЛЬНІСТЮ ЗАКАРПАТБУДТРЕЙД,1.0,1
41172969,Адвокатське бюро КАЧУРА ЛОЄРС (з 31.07.2019 року в стані припинення),1.0,1
41166143,Перші Київські Послуги,1.0,1
41052049,ТОВАРИСТВО З ОБМЕЖЕНОЮ ВІДПОВІДАЛЬНІСТЮ ФІНЛАЙН ЛТД,1.0,1
41152633,ВОГ КАФЕ,1.0,1
41152214,ТОВ ТПК ЕКО-СТАНДАРТ УКРАЇНА,1.0,1
41148716,ТОВ СМАРТ ПАУЕР,1.0,1
41143351,БАСЕЙНА-ІСТЕЙТ,1.0,1
41134310,ТОВАРИСТВО З ОБМЕЖЕНОЮ ВІДПОВІДАЛЬНІСТЮ ДОРОЖНІ МАШИНИ,1.0,1
41132601,ТОВАРИСТВО З ОБМЕЖЕНОЮ ВІДПОВІДАЛЬНІСТЮ АБЗ-ІНВЕСТ,1.0,1
41115811,КСМ ЛУБРИКАНТС,1.0,1
41106042,ТОВАРИСТВО З ОБМЕЖЕНОЮ ВІДПОВІДАЛЬНІСТЮ СМАРТ УРБАН СОЛЮШНС,1.0,1
41063659,Туристична фірма Ідейний простір,1.0,1
41058717,ПРИВАТНА ОРГАНІЗАЦІЯ 'РЕГІОНАЛЬНИЙ ЛАНДШАФТНИЙ ПАРК' ФЕЛЬДМАН-ЕКОПАРК',1.0,1
41939161,ТОВАРИСТВО З ОБМЕЖЕНОЮ ВІДПОВІДАЛЬНІСТЮ ОФУДСЕРВІС,1.0,1
41946357,ТОВАРИСТВО З ОБМЕЖЕНОЮ ВІДПОВІДАЛЬНІСТЮ КРИВОРІЖАГЛОБУД,1.0,1
43188221,ТОВ АРКТІК ФІШ,1.0,1
42729689,ЦЕНТР КОНТЕНТ-АНАЛІЗУ,1.0,1
42825933,ТОВАРИСТВО З ОБМЕЖЕНОЮ ВІДПОВІДАЛЬНІСТЮ СМАРТ-МЕРІТАЙМ ЕКСПЕРТ,1.0,1
42823009,ТОВ АРІЯ ДЕВЕЛОПМЕНТ,1.0,1
42819799,ГРАНДТЕРМІНАЛ,1.0,1
42805959,Теплохаус,1.0,1
42803553,АТ Монтерей,1.0,1
42796845,КОНДИТЕРСЬКИЙ ДІМ ВАЦАК,1.0,1
42790445,Товариство з обмеженою відповідальністю Капс Трейд,1.0,1
42755180,Торговий дім Укргазтрейд,1.0,1
42755112,ТОВ Укргаззбут,1.0,1
42751228,Сукім-Україна,1.0,1
42727258,ГЕЛІОС ДІСТРІБЮШИН,1.0,1
42840113,"АО ""ЮК""Капітал""",1.0,1
42724409,БК Прогрес-41,1.0,1
42686160,ТОВАРИСТВО З ОБМЕЖЕНОЮ ВІДПОВІДАЛЬНІСТЮ ІВАШКІВСЬКІ САДИ,1.0,1
42678803,Товариство з обмеженою відповідальністю НАШ ВІЗИТ,1.0,1
42670610,ТОВ Ві Джи Ай Україна,1.0,1
42663802,ВИРОБНИЧИЙ КОМПЛЕКС КАМЕЛОТ,1.0,1
42663493,ВЕСТ ПЕТРОЛ МАРКЕТ,1.0,1
42662416,ТОВ БЛЕК ШРІМП,1.0,1
42649903,БЛАГОДІЙНА ОРГАНІЗАЦІЯ «БЛАГОДІЙНИЙ ФОНД «ОКСАНИ МАРЧЕНКО»,1.0,1
42647120,Товариство з обмеженою відповідальністю Адампільський комбікормовий завод,1.0,1
42626954,"ТОВ ""ЮРИДИЧНА КОМПАНІЯ ""ЮМК""",1.0,1
42835496,Окружна виборча комісія з виборів Президента України територіального виборчого округу №89,1.0,1
42886802,ТОВАРИСТВО З ОБМЕЖЕНОЮ ВІДПОВІДАЛЬНІСТЮ БАЗАЛІЯ СОЛАР,1.0,1
42603649,ТОВАРИСТВО З ОБМЕЖЕНОЮ ВІДПОВІДАЛЬНІСТЮ ВІДЖИ ТРЕЙД,1.0,1
43069521,МІКСАМ,1.0,1
43177877,Сеал-Агро,1.0,1
43174947,ТОВ Пояс та шлях Україна,1.0,1
43173152,ТОВАРИСТВО З ОБМЕЖЕНОЮ ВІДПОВІДАЛЬНІСТЮ КОРСУНЬ ЛОГІСТІКС,1.0,1
43171181,Товариство з обмеженою відповідальністю ЗА ХИСТ,1.0,1
43143442,ТОВАРИСТВО З ОБМЕЖЕНОЮ ВІДПОВІДАЛЬНІСТЮ ІН АВІВА,1.0,1
43098107,БЕТА-МОЛЛ,1.0,1
43097412,Промгаз Альянс ,1.0,1
43091412,Промгаз Альянс,1.0,1
43078726,Зелений-Шлях,1.0,1
43077485,Товариство з Обмеженою Відповідальністю Мега Боржава,1.0,1
43058296,КАРМІК,1.0,1
42895251,ТОВ «ВІТРЯНИЙ ПАРК ШВИДКИЙ»,1.0,1
43048543,СМАРТАГРО УКРАЇНА,1.0,1
43032329,"Адвокатське об'єднання Ковальов, Сорокопуд та партнери",1.0,1
43017431,"Товариство з обмеженою відповідальністю ""СКЮ РІТЕЙЛ""""",1.0,1
43017075,БЛАГОДІЙНИЙ ФОНД ОКСАНИ ЮРИНЕЦЬ,1.0,1
42997402,ТОВ «СОЦМОНІТОРИНГ» ,1.0,1
42949909,"Громадська організація ""Справжні зміни""",1.0,1
42933050,ТОВ ТІММАСТЕР,1.0,1
42914876,Сента Фарм,1.0,1
42910426,ТОВАРИСТВО З ОБМЕЖЕНОЮ ВІДПОВІДАЛЬНІСТЮ 'РЕДАКЦІЯ ЖУРНАЛУ' ЕКО-ЛАЙФ' ,1.0,1
42906802,М'ЯСООПТТОРГ 2019,1.0,1
42621778,ВОГ ТРЕЙД РЕСУРС,1.0,1
42602802,ТОВАРИСТВО З ОБМЕЖЕНОЮ ВІДПОВІДАЛЬНІСТЮ ВІДЖИ ПРОДАКШН,1.0,1
41950913,ПП «АГРО-ЛІДЕР»,1.0,1
42120618,ТОВАРИСТВО З ОБМЕЖЕНОЮ ВІДПОВІДАЛЬНІСТЮ ВІТ ЕНЕРДЖІ,1.0,1
42282971,ТОВ 'АФ АГРО-СИСТЕМ',1.0,1
42273331,КОНСУЛ ЕСТЕЙТ,1.0,1
42264086,ВОГ КАРД,1.0,1
42258910,ЕКО-ЕНЕРДЖІ ЛДН,1.0,1
42245409,ПП 'ФІШБОР',1.0,1
42234088,ТОВАРИСТВО З ОБМЕЖЕНОЮ ВІДПОВІДАЛЬНІСТЮ КОТЕДЖНИЙ КОМПЛЕКС ЗОРЯ,1.0,1
42202103,ТОВАРИСТВО З ОБМЕЖЕНОЮ ВІДПОВІДАЛЬНІСТЮ ТРОЇЦЬКИЙ ПЛАЗА,1.0,1
42171023,ТОВАРИСТВО З ОБМЕЖЕНОЮ ВІДПОВІДАЛЬНІСТЮ УРБАН АКТІВІТІ,1.0,1
42131407,Ячмінна,1.0,1
42124874,ТОВАРИСТВО З ОБМЕЖЕНОЮ ВІДПОВІДАЛЬНІСТЮ ВІТ ЕНЕРДЖІ РІПНА,1.0,1
42111252,СОЛЮШНС-АВ,1.0,1
42305462,БЦ-СОЛАР,1.0,1
42098499,ТОВ «Вигода.»,1.0,1
42094179,АПСТЕІРС,1.0,1
42080895,ТОВ ДИТЯЧА РАДІСТЬ,1.0,1
42080481,БЮХНЕР-ІНЖЕНЕРИНГ УКРАЇНА,1.0,1
42075995,ВІЛЛА-НОВА,1.0,1
42069557,"адвокатське об'єднання ""БОГОМАЗОВ ТА ПАРТНЕРИ""",1.0,1
42051178,"Товариство з обмеженою відповідальністю ""АЛЬТА ЦЕНТР""",1.0,1
42041149,СТРІМ ПРОДАКШН,1.0,1
41988051,"LIMITED LIABILITY COMPANY PROFI-CENTER""",0.0,1
41986740,ТЕПЛОІНВЕСТ-АЗОВ,1.0,1
42295067,Товариство з обмеженою відповідальністю Фуд Девелопер,1.0,1
42374033,ШАНДЕЛЬЕР ГРУП,1.0,1
42602383,ТОВАРИСТВО З ОБМЕЖЕНОЮ ВІДПОВІДАЛЬНІСТЮ ІНВЕСТ 2018,1.0,1
42504305,СММСТУДІО,1.0,1
42602300,ТОВАРИСТВО З ОБМЕЖЕНОЮ ВІДПОВІДАЛЬНІСТЮ ВІДЖИ АГРО,1.0,1
42601987,ТОВАРИСТВО З ОБМЕЖЕНОЮ ВІДПОВІДАЛЬНІСТЮ ВІДЖИ ФАРМІНГ,1.0,1
42586613,ЄВРОІНВЕСТАКТИВ,1.0,1
42584972,ТОВАРИСТВО З ОБМЕЖЕНОЮ ВІДПОВІДАЛЬНІСТЮ «С-М»,1.0,1
42569006,Центр розслідування корупційних схем,1.0,1
42558921,ТОВАРИСТВО З ОБМЕЖЕНОЮ ВІДПОВІДАЛЬНІСТЮ АРКАДІС,1.0,1
42541635,Енівей Діджитал,1.0,1
42538711,БІЗНЕС-ЦЕНТР ПЕРЕСИПСЬКИЙ,1.0,1
42525681,ТОВ «Кряж і Ко»,1.0,1
42525220,СИСТЕМИ ДЛЯ БІЗНЕСУ 2018,1.0,1
42503233,"ТОВ ""РАСТРО КР""",1.0,1
42380796,ТОВАРИСТВО З ОБМЕЖЕНОЮ ВІДПОВІДАЛЬНІСТЮ ЛИЧІВКА СОЛАР,1.0,1
42489209,Медіатека інвестиційних ідей,1.0,1
42485445,ТОВАРИСТВО З ОБМЕЖЕНОЮ ВІДПОВІДАЛЬНІСТЮ АГРОХІМ ТЕХНОЛОГІЇ,1.0,1
42482905,ТОВАРИСТВО З ОБМЕЖЕНОЮ ВІДПОВІДАЛЬНІСТЮ УКРАЇНСЬКІ КЕРАМІЧНІ ТЕХНОЛОГІЇ,1.0,1
42475987,ТОВАРИСТВО З ОБМЕЖЕНОЮ ВІДПОВІДАЛЬНІСТЮ 'МЕДІАЛЬТ',1.0,1
42475971,"Центр залучення інвестицій ""БЦ Інвест""",1.0,1
42450873,ПП ДМ-99,1.0,1
42417223,ТОВ Сучасні рекламні рішення,1.0,1
42410804,ТОВАРИСТВО З ОБМЕЖЕНОЮ ВІДПОВІДАЛЬНІСТЮ СОТОН,1.0,1
42397401,ТОВ СТОЛИЧНА ІКОРНА КОМПАНІЯ,1.0,1
42397239,ТОВАРИСТВО З ОБМЕЖЕНОЮ ВІДПОВІДАЛЬНІСТЮ ПАУЕР БУД ДЕВЕЛОПМЕНТ,1.0,1
35678438,МІЖНАРОДНА ГРОМАДСЬКА ОРГАНІЗАЦІЯ 'УКРАЇНСЬКИЙ ЄВРЕЙСЬКИЙ КОМІТЕТ',1.0,1
35605092,ТзОВ ПОДІЛЛЯ-БУДАЛЬЯНС,1.0,1
35653675,Товариство з обмеженою відповідальністю Мисливське господарство ЗУБР,1.0,1
35617553,ТОВАРИСТВО З ОБМЕЖЕНОЮ ВІДПОВІДАЛЬНІСТЮ ПРОМВАГОНТРАНС,1.0,1
21950711,ОБ'ЄДНАННЯ ДОНЕЦЬКПРОДТОРГ,1.0,1
218214,RISTONE HOLDINGS LTD,0.0,1
21682386,ТОВАРИСТВО З ОБМЕЖЕНОЮ ВІДПОВІДАЛЬНІСТЮ «МП ГРУП»,1.0,1
21681856,ТОВАРИСТВО З ОБМЕЖЕНОЮ ВІДПОВІДАЛЬНІСТЮ ЧУМАЦЬКИЙ ШЛЯХ,1.0,1
21666424,КОНФЕДЕРАЦІЯ ВІЛЬНИХ ПРОФСПІЛОК УКРАЇНИ,1.0,1
21665382,АБ КЛІРИНГОВИЙ ДІМ,1.0,1
21593719,Банк Велес,1.0,1
21579984,ДУКАТ,1.0,1
21564149,Акціонерне товариство закритого типу «КОМПАНІЯ CONCORDIA MEDIKAL»,1.0,2
21560766,"ПАТ ""Укртелеком""",1.0,1
21537193,РІВЕКС ЛТД,1.0,1
21522748,"Товариство з обмеженною відповідальністю ""БОРІС""",1.0,1
21460131,АСОЦІАЦІЯ РЕКОНСТРУКЦІЯ ФУНДАМЕНТІВ І САНАЦІЯ СТІН,1.0,1
21337933,"Приватна фірма ""ВІНДЕКС""",1.0,1
21189390,ТОВ Н.І.Ч.Е.-УКРАЇНА,1.0,1
21186813,ПРИВАТНЕ АКЦІОНЕРНЕ ТОВАРИСТВО 'ХАРКІВСЬКА МУНІЦИПАЛЬНА СТРАХОВА КОМПАНІЯ',1.0,1
21176068,ТОВ виробничо-будівельне підприємство Галі,1.0,1
21131806,СІЛЬСЬКОГОСПОДАРСЬКЕ ТОВАРИСТВО З ОБМЕЖЕНОЮ ВІДПОВІДАЛЬНІСТЮ «Дружба»,1.0,1
20974448,"АТ ""ІК ""ПРИМОР'Є-ІНВЕСТ""",1.0,1
20971504,"АТ ""ІМЕКСБАНК"" ",1.0,1
20858446,"ГО ЛЦСЗРОІ ""СОЗАРІН""",1.0,1
20842474,Страховая компанія Країна,1.0,1
22008723,ТОВАРИСТВО З ОБМЕЖЕНОЮ ВІДПОВІДАЛЬНІСТЮ 'ДИСК',1.0,2
22048622,"АТ ""Житомиробленерго""",1.0,1
22654860,ТОВАРИСТВО З ОБМЕЖЕНОЮ ВІДПОВІДАЛЬНІСТЮ ФІРМА 'КАРТРАЙТ',1.0,1
23164201,МЖК БУДСЕРВІС,1.0,1
23153841,УКРАЇНСЬКО-ІЗРАЇЛЬСЬКА ТОРГОВА ПАЛАТА,1.0,1
228996,APS Wohnbau GmbH,0.0,1
22883141,КИЇВСЬКА МІСЬКА РАДА,1.0,1
22837796,Телерадіокомпанія НБМ,1.0,1
22830133,ФІРМА ЗЕВС,1.0,1
22808435,ГІЛЬДІЯ НЕРУХОМОСТІ,1.0,1
22769675,Подільський державний аграрно-технічний університет,1.0,1
227386,ELIANTA TRADING LTD,0.0,1
22692381,ТОВ ЮСТА,1.0,1
22654363,ТОВАРИСТВО З ОБМЕЖЕНОЮ ВІДПОВІДАЛЬНІСТЮ 'МТ-1.',1.0,1
22075079,ВІТАЛ ПЛЮС,1.0,1
22649344,"ПрАТ ""КОНЦЕРН АВЕК ТА КО""",1.0,1
22636477,ТОВАРИСТВО З ОБМЕЖЕНОЮ ВІДПОВІДАЛЬНІСТЮ 'АЛЬКАД' ЛТД,1.0,1
22608819,ТОВ ОФ ТРАСТ,1.0,1
222407,FELIANES ENTERPRISES LTD,0.0,1
22188916,ГЕРБУРТ,1.0,1
22141286,ТОВАРИСТВО З ОБМЕЖЕНОЮ ВІДПОВІДАЛЬНІСТЮ ПЕГМАТІТ,1.0,1
22108442,ТОВАРИСТВО З ОБМЕЖЕНОЮ ВІДПОВІДАЛЬНІСТЮ МІКРО,1.0,1
22098117,Липчанблок,1.0,1
22091782,Товариство з обмеженою відповідальністю Кіпер-Софт,1.0,1
22083127,ТОВАРИСТВО З ОБМЕЖЕНОЮ ВІДПОВІДАЛЬНІСТЮ КУЛЬТУРНО-МИСТЕЦЬКИЙ ЦЕНТР БАРВИ,1.0,1
20835669,"Акціонерне Товариство ""Троттола""",1.0,1
20767117,МИСТЕЦЬКЕ ОБ'ЄДНАННЯ ДЗИҐА,1.0,1
20700751,РИМВЛАД,1.0,1
17777349,KUFFRY ASSET HOLDINGS LIMITED,0.0,1
1902327,LEASON BUSINNES LTD,0.0,1
19016653,Товариство з обмеженою відповідальністю ВАСИЛЬ КІСІЛЬ І ПАРТНЕРИ,1.0,1
1893555,BEKLENTSA MANAGEMENT LTD,0.0,1
1878404,Tansy Holdings Ltd.,0.0,1
1870404,Tansy Holdings Ltd.,0.0,1
1850190,PALEVA ENTERPRISES LIMITED,0.0,1
1838079,Prime Asset Partners Limited,0.0,1
17978963,Solomia Trading GmbH,0.0,1
1795618,CELKORIVIA VENTURES LTD,0.0,1
1791268,Infrair Assets LTD,0.0,1
1777349 ,KUFFRY ASSET HOLDINGS LIMITED,0.0,1
19034881,ТОВАРИСТВО З ОБМЕЖЕНОЮ ВІДПОВІДАЛЬНІСТЮ СВІТ ЛТД,1.0,1
175296920,PERFECT LAND PROPERTIES EOOD,0.0,1
175296870,ANAPTIKSIS DEVELOPMENT EOOD ,0.0,1
175294289,ESKAFEAS CONSTRUCTIONS EOOD ,0.0,1
175292579,POLITIMI GI PROPERTIES EOOD ,0.0,1
1745481,VEMORSITA HOLDINGS LTD,0.0,1
173852,ADEONA HOLDINGS LIMITED,0.0,1
173605,MAJORONE TRADING LIMITED,0.0,1
173290,CELEBROM INVESTMENTS LIMITED,0.0,1
173209,AMINIE HOLDINGS Ltd.,0.0,1
1730292,HOLD ACTIVITY GROUP LTD.,0.0,1
1902343,ARDANE BUSINESS LTD,0.0,1
1923732,ZESI ENTERPRISES LIMITED,0.0,1
20536406,"ПрАТ ""Прайд-інвест""",1.0,1
20064120,Університет Державної фіскальної служби України,1.0,6
20445649,ТОВАРИСТВО З ОБМЕЖЕНОЮ ВІДПОВІДАЛЬНІСТЮ БАРВА,1.0,1
20355550,Публічне акціонерне товариство МАРІУПОЛЬСЬКИЙ ЗАВОД ВАЖКОГО МАШИНОБУДУВАННЯ,1.0,1
202281,Global Bay Venture Limited,0.0,1
20187383,Страхова компанія товариство з додатковою відповідальністю «ОЛВІ»,1.0,1
200730492,PERLA-TOUR 1,0.0,1
20071736,Всеукраїнське лікарське товариство,1.0,1
19263860,"ПрАТ ""КІНТО""",1.0,1
20043098,"Громадська організація ""Товариство ""Україна-Китай""",1.0,1
20023569,ПУБЛІЧНЕ АКЦІОНЕРНЕ ТОВАРИСТВО ЮНЕКС БАНК,1.0,1
1977719,BV GROUP Inc.,0.0,1
1956911,LABAR VENTURES LIMITED,0.0,1
19485263,НАУКОВО-ДОСЛІДНИЙ ІНСТИТУТ ПРИВАТНОГО ПРАВА І ПІДПРИЄМНИЦТВА ІМЕНІ АКАДЕМІКА Ф.Г. БУРЧАКА НАЦІОНАЛЬНОЇ АКАДЕМІЇ ПРАВОВИХ НАУК УКРАЇНИ,1.0,2
19396928,ТОВ «Лісова пісня»,1.0,1
19337044,ВОГ Трейд,1.0,1
193255093,Travel Professional Group LLC,0.0,1
1931145,CUKLER HOLDINGS LIMITED,0.0,1
23185025,ТОВАРИСТВО З ОБМЕЖЕНОЮ ВІДПОВІДАЛЬНІСТЮ АЗОВСЬКА ІНФОРМАЦІЙНА КОМПАНІЯ,1.0,1
23389360,ОДИН ПЛЮС ОДИН ПРОДАКШН,1.0,1
23469082,ТОВ Фортуна ЛТД,1.0,1
295079,Turul Investments Limited,0.0,1
30189336,АГРОФІРМА ОРІЛЬСЬКА,1.0,1
30184432,Телерадіокомпанія Експрес-Інформ,1.0,1
30155993,ПРИВАТНЕ АГРОПРОМИСЛОВЕ ПІДПРИЄМСТВО «КОЛОС»,1.0,1
30142235,ФЕРМЕРСЬКЕ ГОСПОДАРСТВО 'КЕГИЧІВСЬКЕ',1.0,1
30141865,ПП ПАФ 'Злагода',1.0,1
30101026,ТОВАРИСТВО З ОБМЕЖЕНОЮ ВІДПОВІДАЛЬНІСТЮ ВИРОБНИЧО-ЕКСПЕРИМЕНТАЛЬНА ФІРМА АКВА-ВІТА,1.0,1
30094098,АГРОФІРМА ІМ. ГОРЬКОГО,1.0,1
30050202,ІСТ-ВЕСТ ФІНАНС,1.0,1
30016376,ТзОВ Івано-ФранківськАвтоЗАЗ-ДЕУ,1.0,1
297611,KATALINERO INVESTMENTS LTD,0.0,1
288651,Zewana Investments limited,0.0,1
30216008,ТОВ РФС Україна ЛТД,1.0,1
285721,DASINGA COMMERCIAL LTD,0.0,1
284659,DIVORLA MANAGEMENT LTD,0.0,1
2809504,FOREST DAY LIMITED,0.0,1
26377653,"СТРУКТУРНИЙ ПІДРОЗДІЛ ОЗДОРОВЧИЙ ТАБІР ""ЗОРЯНИЙ"" КП ""ШЛЯХРЕМБУД"" СМР",1.0,1
26345446,"БФ ""Підтримки материнства, дитинства та радіаційної безпеки""",1.0,1
26333503,ПРЕДСТАВНИЦТВО КОМПАНІЇ РЕГАЛ ПЕТРОЛЕУМ КОРПОРЕЙШН ЛІМІТЕД В УКРАЇНІ,1.0,1
26213408,Виноградівський районний суд,1.0,1
26205857,Український Католицький Університет,1.0,1
26065089,ХДЮСК БОГАТИР,1.0,1
25884595,КОМІТЕТ ЗАХИСТУ ПРАВ СПОЖИВАЧІВ ДАРНИЦЬКОГО РАЙОНУ М. КИЄВА,1.0,1
301970,BOSEFALIO TRADING LTD,0.0,1
30220130,НВЦ ЄВРОДІМ,1.0,1
25882308,НДІ Інтелектуальної власності НАПрН України,1.0,2
30437959,Спортивно - оздоровчий комплекс Монітор,1.0,1
30569364,ТОВАРИСТВО З ОБМЕЖЕНОЮ ВІДПОВІДАЛЬНІСТЮ ВОСТОКАГРО,1.0,1
30568554,ТОВАРИСТВО З ОБМЕЖЕНОЮ ВІДПОВІДАЛЬНІСТЮ «ЛУГИ-2»,1.0,1
30543456,ТОВАРИСТВО З ОБМЕЖЕНОЮ ВІДПОВІДАЛЬНІСТЮ ТАВРИДА-СЕРВІС ЛТД,1.0,1
30531131,"ТОВ АФ ""Стандарт""",1.0,1
30508139,ЗЛАГОДА,1.0,1
30492941,ПРИВАТНЕ АКЦІОНЕРНЕ ТОВАРИСТВО ДІАНІВСЬКА ПТАХОФАБРИКА,1.0,1
30484380,ТОВАРИСТВО З ДОДАТКОВОЮ ВІДПОВІДАЛЬНІСТЮ «СЕНСУС»,1.0,1
30475533,ТОВ ГАЛАНТ-СЕРВІС,1.0,1
30473709,ВКФ ВІТА-АВТО,1.0,1
30472307,МОСКОВСЬКИЙ МІСТ ЛТД,1.0,1
303967,KIMOLINERO HOLDINGS LTD,0.0,1
302419424,Infranet LLC,0.0,1
303951,KOMISIANO INVESTMENTS LTD,0.0,1
30394093,Автотранспортне підприємство Севмортранс,1.0,1
303745,AVELIZARO HOLDINGS LTD,0.0,1
30356854,Приватне агропромислове підприємство «Агропродсервіс» ,1.0,1
303560,LOVITIA INVESTMENTS LTD,0.0,1
303176,MAKOLIGERO INVESTMENTS LTD,0.0,1
30316717,"Товариство з обмеженною відповідальністю ""Магрок""",1.0,1
30312073,ТОВ ПРОВІДЕНС,1.0,1
30304628,СЕЙ.ТВ СИСТЕМЗ,1.0,1
30242745,МАЛЕ ПРИВАТНЕ ПІДПРИЄМСТВО ВЕРСІЯ ПЛЮС,1.0,1
25777818,Київське лікарське товариство,1.0,1
23469610,ТОВ Фортуна-сервис,1.0,1
23800418,ТОВ БАРКАС,1.0,1
24186185,ТОВ ЕНЕРГІЯ-95,1.0,1
24161825,"ПрАТ Телерадіокомпанія ""ЄВРОСТУДІЯ""",1.0,1
24155428,ТОВАРИСТВО З ОБМЕЖЕНОЮ ВІДПОВІДАЛЬНІСТЮ ПРОЕКТНО-БУДІВЕЛЬНЕ ПІДПРИЄМСТВО АЗОВІНТЕКС,1.0,1
24121079,Херсонська обласна рада,1.0,1
24057648,ТОВАРИСТВО З ОБМЕЖЕНОЮ ВІДПОВІДАЛЬНІСТЮ ПОРТ ОЧАКІВ,1.0,1
23996290,"ПАТ ""Шосткинське АТП 15962""",1.0,1
23971841,ТзОВ Правобережна Інформаційна Компанія,1.0,1
23969695,Виробниче підприємство Гарант-Львів у формі Товариства з обмеженою відповідальністю,1.0,1
23857192,КОМБІНАТ МАЛОПОВЕРХОВОГО ДОМОБУДІВНИЦТВА КАМБІО,1.0,1
23826671,СОФТЕКО,1.0,1
23794882,"Товариство з обмеженою відповідальністю Транспортна Компанія ""Бердянськавтотранс""",1.0,1
24432974,арселор мітал кривий ріг,1.0,1
23768175,ТОВАРИСТВО З ОБМЕЖЕНОЮ ВІДПОВІДАЛЬНІСТЮ ФУТБОЛЬНИЙ КЛУБ МЕТАЛУРГ,1.0,1
23747641,ТОВ Ново,1.0,1
23741354,МОДЕЛЬ-Т,1.0,1
23738346,НТМ,1.0,1
23729809,ТЕЛЕРАДІОКОМПАНІЯ СТУДІЯ ОДИН ПЛЮС ОДИН,1.0,1
23698368,"БЛАГОДІЙНИЙ ФОНД ""ПРОКСЕН""",1.0,1
23664754,Севморверф,1.0,1
23605421,ЗОВНІШНЬОЕКОНОМІЧНЕ ПІДПРИЄМСТВО АЗОВІМПЕКС У ФОРМІ ТОВАРИСТВА З ОБМЕЖЕНОЮ ВІДПОВІДАЛЬНІСТЮ,1.0,1
23523203,ТОВАРИСТВО З ОБМЕЖЕНОЮ ВІДПОВІДАЛЬНІСТЮ ЖОВТЕНЬ,1.0,1
23486784,Товариство з обмеженою відповідальністю «ТРК «АКЦЕНТ»,1.0,1
24252930,КОЛОС-АГРОТЕХСЕРВІС,1.0,1
24476776,ТОВ Контакт Плюс,1.0,1
25635581,ПРИВАТНЕ АКЦІОНЕРНЕ ТОВАРИСТВО УКРГАЗВИДОБУТОК,1.0,1
25099117,"ПрАТ ""Бахмутский Аграрний Союз""",1.0,1
25550345,ТЕЛЕРАДІОКОМПАНІЯ МІСТ ТБ,1.0,1
25436000,Регіональна телевізійна компанія Хуст,1.0,1
25435880,Ужгородська районна рада,1.0,1
25418545,Адвокатська компанія Право,1.0,1
25412086,ПРИВАТНЕ АКЦІОНЕРНЕ ТОВАРИСТВО УКРАЇНСЬКА ГІРНИЧО-МЕТАЛУРГІЙНА КОМПАНІЯ,1.0,1
253408,WITHINE INVESTMENTS LTD,0.0,1
25276370,ТОПАЗ-СЕРВІС,1.0,1
252398,ENERGEES MANAGEMENT LTD,0.0,1
25210431,ПРИВАТНЕ АКЦІОНЕРНЕ ТОВАРИСТВО ГАЙДАРІВЕЦЬ,1.0,1
25137094,Фінансово-страхова компанія Адміралтейська,1.0,1
25096509,ПРИВАТНА УСТАНОВА САНАТОРІЙ МЕТАЛУРГ,1.0,1
24609237,Телерадіокомпанія АВТОР ТВ,1.0,1
250950,YERNAMIO CONSULTING LTD,0.0,1
25025047,ПП ФЕНІКС,1.0,1
24988950,ТОВ «Фірма «МАРКЕР-ДНЕПР»,1.0,1
24903505,ТОВ Універсам,1.0,1
24799077,ТОВАРИСТВО З ОБМЕЖЕНОЮ ВІДПОВІДАЛЬНІСТЮ ДЕЛЬТА МАРІН СЕРВІСЕС,1.0,1
24732133,ФАРТ,1.0,1
24691724,Севморрос,1.0,1
24647172,ВЕО «ВІТРОЕНЕРГОПРОМ»,1.0,1
24641353,КРАМБЕТОНБУД,1.0,1
24620144,ТЕРНОПІЛЬСЬКЕ ОБЛАСНЕ КОМУНАЛЬНЕ ТЕРИТОРІАЛЬНЕ ВІДДІЛЕННЯ МАЛОЇ АКАДЕМІЇ НАУК УКРАЇНИ,1.0,1
172997,ENERGEES INVESTMENTS LIMITED,0.0,1
1726867,ЕМПАЙР СИСТЕМ ЛТД. ,0.0,1
1726370,NEDA VENTURES LIMITED,0.0,1
02070884,"ДЕРЖАВНИЙ ВИЩИЙ НАВЧАЛЬНИЙ ЗАКЛАД ""КИЇВСЬКИЙ НАЦІОНАЛЬНИЙ ЕКОНОМІЧНИЙ УНІВЕРСИТЕТ ІМЕНІ ВАДИМА ГЕТЬМАНА""",1.0,2
02129063,Агропромислове науково-виробниче підприємство ВІЗИТ,1.0,1
02129011,ПЕРЕМОГА,1.0,1
02125473,"ДЕРЖАВНИЙ ЗАКЛАД ""ПІВДЕННОУКРАЇНСЬКИЙ НАЦІОНАЛЬНИЙ ПЕДАГОГІЧНИЙ УНІВЕРСИТЕТ ІМЕНІ К.Д. УШИНСЬКОГО""",1.0,1
02125102,Східноєвропейський національний університет імені Лесі Українки,1.0,1
02078868,ТОВАРИСТВО З ОБМЕЖЕНОЮ ВІДПОВІДАЛЬНІСТЮ РОЖНІВКА-АГРО,1.0,1
02071139,Національний юридичний університет імені Ярослава Мудрого,1.0,1
02071010,"Національний Університет ""Львівська Політехніка""",1.0,1
02070987,Львівський національний університет імені Івана Франка,1.0,1
02070921,"НТУУ ""КПІ ім.Ігоря Сікорського""",1.0,1
02070849,"НАЦІОНАЛЬНИЙ УНІВЕРСИТЕТ ""ЗАПОРІЗЬКА ПОЛІТЕХНІКА""",1.0,1
02147262,Управління освіти Кельменецької районної державної адміністрації ,1.0,1
0205551004951,T.P.G. (Thailand) Company Limited,0.0,1
02012022,"ДУ ""Інститут педіатрії, акушерства і гінекології імені академіка О.М. Лук янової НАМН України""",1.0,1
02010787,Національний медичний університет імені О.О. Богомольця,1.0,2
01882373,"ПАТ ""Львівметал""",1.0,1
01860667,ПРИВАТНЕ АКЦІОНЕРНЕ ТОВАРИСТВО АЗОВЗОВНІШТРАНС,1.0,1
01753173,ІВАНО-ФРАНКІВСЬКА ОБЛСПОЖИВСПІЛКА,1.0,1
01752759,ПІДПРИЄМСТВО СПОЖИВЧОЇ КООПЕРАЦІЇ УНІВЕРСАЛЬНА ТОРГОВА БАЗА ІВАНО-ФРАНКІВСЬКОЇ ОБЛСПОЖИВСПІСЛКИ,1.0,1
01733785,СПІЛЬНЕ ПІДПРИЄМСТВО «ТЕРНОПІЛЬСЬКИЙ ЗАВОД ЗАЛІЗОБЕТОННИХ ВИРОБІВ І БУДІВЕЛЬНИХ КОНСТРУКЦІЙ»,1.0,1
01558804,"ПРАТ ""УРОЖАЙ""",1.0,1
02138895,Приватне акціонерне товариство «Київметалопром»,1.0,1
024071,LEMA HOLDINGS LIMITED,0.0,1
01237193,ПУБЛІЧНЕ АКЦІОНЕРНЕ ТОВАРИСТВО БУДІВЕЛЬНО-МОНТАЖНА ФІРМА АЗОВСТАЛЬБУД,1.0,1
03786254,ТОВ «ІМ. Б. Хмельницького»,1.0,1
05440560,СБК Світанок,1.0,1
05416627,ЗАВОД РАДІОАПАРАТУРИ,1.0,1
05393122,ПУБЛІЧНЕ АКЦІОНЕРНЕ ТОВАРИСТВО ДНІПРОПЕТРОВСЬКИЙ ТРУБНИЙ ЗАВОД,1.0,1
04676533,"ПУБЛІЧНЕ АКЦІОНЕРНЕ ТОВАРИСТВО ""УЖГОРОДСЬКИЙ ЗАВОД ""ЕЛЕКТРОДВИГУН""",1.0,1
04635922,вищий навчальний заклад університет економіки та права Крок,1.0,1
04591860,Малинське споживче товариство,1.0,1
04529364,ВАТ ВКБМНП Спеценергомонтаж,1.0,1
04358490,Віто-Поштова сільська рада Києво-Святошинського району Київської області,1.0,1
04055896,Львівська міська рада,1.0,1
04012780,ПУБЛІЧНЕ АКЦІОНЕРНЕ ТОВАРИСТВО КИЇВПРОЕКТ,1.0,1
03786047,Сільськогосподарське товариство з обмеженою відповідальністю «Промінь»,1.0,1
02780663,НАДІЯ,1.0,1
03767831,"Державна установа ""Управління збірних команд та забезпечення спортивних заходів ""Укрспортзабезпечення""",1.0,2
03750345,НИВА,1.0,1
03740111,ДРУЖБА-КАЗНАЧЕЇВКА,1.0,1
03482608,ДУБНОНАФТОПРОДУКТ,1.0,1
03482531,КОВЕЛЬНАФТОПРОДУКТ,1.0,1
03362755,ТЕРНОПІЛЬНАФТОПРОДУКТ ,1.0,1
03113905,"ПРАТ ""КРАМАТОРСЬКЕ АТП 11410""",1.0,1
02941043,ПАТ ЗАВОД ВОЄНОХОТ,1.0,1
02928433,НАЦІОНАЛЬНИЙ УНІВЕРСИТЕТ ФІЗИЧНОГО ВИХОВАННЯ І СПОРТУ УКРАЇНИ ( НУФВСУ ),1.0,1
01290796,ЮРИДИЧНА ФІРМА ПРОКСЕН,1.0,1
01234567,СК Житлобуд,1.0,1
05468073,ТОВАРИСТВО З ДОДАТКОВОЮ ВІДПОВІДАЛЬНІСТЮ «ЗОЛОЧІВСЬКА ШВЕЙНА ФАБРИКА»,1.0,1
00135390,"ПАТ ""УКРНАФТА""",1.0,1
00132144,ПСП «ПРОГРЕС»,1.0,1
00131529,ЗАКАРПАТТЯОБЛЕНЕРГО,1.0,1
00131268,"АКЦІОНЕРНЕ ТОВАРИСТВО ""ДТЕК ДОНЕЦЬКІ ЕЛЕКТРОМЕРЕЖІ""",1.0,1
00109339,Київський завод експериментальних конструкцій,1.0,1
00039002,"ПУБЛІЧНЕ АКЦІОНЕРНЕ ТОВАРИСТВО ""ПРОМІНВЕСТБАНК""",1.0,2
00022438,Вінницька обласна Рада,1.0,1
00017733,АСК «Укррічфлот»,1.0,1
00015622,Міністерство юстиції України,1.0,1
00210602,"ПАТ ""ЕНЕРГОМАШСПЕЦСТАЛЬ""",1.0,1
00013238,Національний олімпійський комітет України,1.0,1
0000774471,Ноубл Девелопмент,0.0,1
0000647046,INTER SERVICE CARD POLAND SP.Z.O.O. ,0.0,1
0000606091,JJ TRADE SP.Z.O.O. ,0.0,1
0000584097,SIS COMPANY,0.0,1
0000564627,ТОВ СІКОРЕ,0.0,1
0000548872,Travel Professional Group Poland Sp. z o.o.,0.0,1
0000546819,GSG Akademia Rozwoju Limited Liability company,0.0,1
0000426113,GSG TRADE LIMITED LIABILITY COMPANY Limited partnership,0.0,1
0000361902,GSG Trade limited liability company,0.0,1
00186513,Публічне акціонерне товариство СТАХАНОВСЬКИЙ ЗАВОД ФЕРОСПЛАВІВ,1.0,1
00213724,"ПАТ ""Луганський електроапаратний завод""",1.0,1
01190623,"ПРИВАТНЕ АКЦIОНЕРНЕ ТОВАРИСТВО ""ЛУГАНСЬКДРУК"" ",1.0,1
00493706,Національний університет біоресурсів і природокористування України,1.0,1
01132330,Національний авіаційний університет,1.0,1
00956460,ПРАТ «БАЛАКЛІЙСЬКЕ ХПП»,1.0,1
00953318,Приватне акціонерне товариство «ГНІВАНСЬКЕ ХЛІБОПРИЙМАЛЬНЕ ПІДПРИЄМСТВО»,1.0,1
00952433,Приватне акціонерне товариство «ЗАКУПНЯНСЬКЕ ХЛІБОПРИЙМАЛЬНЕ ПІДПРИЄМСТВО»,1.0,1
00903191,НОВОМОСКОВСЬКЕ РАЙОННЕ ВИРОБНИЧЕ ПІДПРИЄМСТВО АГРОТЕХСЕРВІС,1.0,1
00855919,ПРИВАТНЕ АКЦІОНЕРНЕ ТОВАРИСТВО ПЛОДОРОЗСАДНИК СКАЛА-ПОДІЛЬСЬКИЙ,1.0,1
00705404,ІМ. ЧАПАЄВА,1.0,1
00688054,ПРИВАТНЕ АКЦІОНЕРНЕ ТОВАРИСТВО АРТЕМІВСЬКИЙ КОМБІКОРМОВИЙ ЗАВОД,1.0,1
00497236,Вінницький національний аграрний університет,1.0,1
00496805,"ННЦ """"Інститут аграрної економіки""",1.0,1
00493020,"ДВНЗ ""Херсонський державний аграрний університет""",1.0,1
00222999,ПРАТ «КЗВВ»,1.0,1
00490628,ТЕРНОПІЛЬСОРТНАСІННЄОВОЧ,1.0,1
00445771,"ПАТ ""Галактон""",1.0,1
00443364,ПРИВАТНЕ АКЦІОНЕРНЕ ТОВАРИСТВО ГОРЛІВСЬКИЙ М'ЯСОКОМБІНАТ,1.0,1
00384414,"ПАТ ""КАРАВАЙ""",1.0,1
00373758,"ВАТ ""Вінницький олійно-жировий комбінат""",1.0,1
00372612,ПАТ БЛОК АГРОСВІТ,1.0,1
00292333,АКЦІОНЕРНЕ ТОВАРИСТВО ЗАПОРІЖНЕРУДПРОМ,1.0,1
00292238,ПРИВАТНЕ АКЦІОНЕРНЕ ТОВАРИСТВО КАЛЬЧИЦЬКИЙ КАР'ЄР,1.0,1
00292215,ПРИВАТНЕ АКЦІОНЕРНЕ ТОВАРИСТВО СТАРО-КРИМСЬКИЙ КАР'ЄР,1.0,1
00290831,ПУБЛІЧНЕ АКЦІОНЕРНЕ ТОВАРИСТВО АЛЬМІНСЬКИЙ ЗАВОД БУДІВЕЛЬНИХ МАТЕРІАЛІВ,1.0,1
05445758,СІЛЬСЬКОГОСПОДАРСЬКЕ ТОВАРИСТВО З ОБМЕЖЕНОЮ ВІДПОВІДАЛЬНІСТЮ ПТАХІВНИК,1.0,1
05468086,"ВАТ ,,Городоцька швейна фабрика""",1.0,1
1725345,ELTRANO INVESTMENTS LTD,0.0,1
14312513,ПУБЛІЧНЕ АКЦІОНЕРНЕ ТОВАРИСТВО БУХТА ДВУЯКІРНА,1.0,1
1486315,FORBILD CORPORATION,0.0,1
14860798,ЄВРОДІН,0.0,1
147124881,CHR. ATHANASIOU CONSTRUCTIONS & DEVELOPMENTS ,0.0,1
146304,РЕДБЕЙ ІНТЕРНЕШЕНАЛ ЛТД,0.0,1
14585228,ПРОСТОР ОУ,0.0,1
1450705,STRATEGY INVEST GROUP INC.,0.0,1
1448887,ЛІКАНОВА ІНВЕСТМЕНТС ЛТД,0.0,1
14468333,ASTEM TECHNOLOGIES,0.0,1
14388976,І Кью Пі Груп,0.0,1
14360080,АКЦЕНТ-БАНК,1.0,1
14312387,"ПАТ ""Завод Фрегат""",1.0,1
1517200,LITAVIO CONSULTING LTD,0.0,1
14312370,Севастопольський морський завод,1.0,1
14311749,"ПрАТ ""УХЛ-МАШ""",1.0,1
14253408,ТОВ РЕГІОН-2007,1.0,1
14223620,МАЛЕ ПІДПРИЄМСТВО ДІНА,1.0,1
14200754,ТОВ Форос Груп,0.0,1
14163438,Хмельницький університет управління та права імені Леоніда Юзькова,1.0,1
14157107,Приватне мале підприємство «МАКС»,1.0,1
141349549,Gdansk Shipyard Group Sp.z o.o.,0.0,1
14100461,ПРИВАТНЕ АКЦІОНЕРНЕ ТОВАРИСТВО 'ВРЕМЯ',1.0,1
14057222,ТОВАРИСТВО З ОБМЕЖЕНОЮ ВІДПОВІДАЛЬНІСТЮ БЕРЕЖАНСЬКИЙ ЦЕГЕЛЬНИЙ ЗАВОД КЕРАМІК,1.0,1
1517196,JERAND HOLDINGS LTD,0.0,1
1541006,BOLVIK VENTURES LTD,0.0,1
14006101,ШОСТКИНСЬКА ТЕЛЕКОМПАНІЯ ТЕЛЕКОМ-СЕРВІС,1.0,1
"161,269",Master Show S.A.,0.0,1
1721704,UKRMASH GROUP LTD.,0.0,1
1697865,ZERKALO HOLDINGS LTD,0.0,1
1688592,GENZA TRADING LIMITED,0.0,1
1683237,NISYOMI INVESTMENTS LTD. ,0.0,1
1676551,BALAKLAVA GREEN LTD,0.0,1
1668992,DAVUELTA FINANCE LTD,0.0,1
1635744,PELEUS INVEST INC.,0.0,1
1627795,MELBON INVESTMENTS LTD,0.0,1
161.269,MASTER SHOW S.A.,0.0,1
1605590,BERIMOR FINANCE LIMITED,0.0,1
1561403,Enard Investments Limited,0.0,1
1604223,ДРЕЙКЕНС ХОЛДІНГС ЛТД.,0.0,1
1602643,ELKART FINANCE LTD,0.0,1
159333,Дуалнет Коннекшенс Лімітед,0.0,1
1590876,NASENTIA INVESTMENTS LTD,0.0,1
1580574,Atinia Trading Limited ,0.0,1
1573108,Revelon Investments LTD,0.0,1
157207,VOSA LTD,0.0,1
1564352 ,MILWORTH ENTERPRISES LIMITED ,0.0,1
1563000,LAROMA VENTURES LTD,0.0,1
1562249,Фоллер Інтернешенл Корп.,0.0,1
14039833,Галицький коледж імені В'ячеслава Чорновола,1.0,1
13962568,ВАТ Тепловозоремонтний завод,1.0,1
05475147,"Акціонерне товариство ""АТП 13058""",1.0,1
08571096,Харківський національний університет внутрішніх справ,1.0,1
1046151001071,Novoshakhtin Oil Refinery OPEN JOINT STOCK COMPANY,0.0,1
103334,SAMALENI FINANCE LTD. ,0.0,1
10237797,СІНЕМА ЛАВ ЛТД,0.0,1
102014,Aller-Inter-Lubid GmbH,0.0,1
1007475,STRONSAY ENTERPRISES LIMITED,0.0,1
1004104,CANTIK ENTERPRISES LIMITED,0.0,1
090140,MYRILLA VENTURES LIMITED,0.0,1
088304,SYMBER VENTURES LIMITED,0.0,1
086902,BANTONA LIMITED,0.0,1
08571446,Дніпропетровський державний університет внутрішніх справ,1.0,1
083440,GLOBALIS VENTURES LIMITED,0.0,1
1066167034944,ROSWOOD SHIPPING LIMITED LIABILITY COMPANY,0.0,1
083439,MEGAFORTE LIMITED,0.0,1
06959732,ТОВ Будматеріали,1.0,1
06569037,GRANITE CORPORATE ALLIANCE LIMITED,0.0,1
05763642,"ПРАТ ""СТАРОКРАМАТОРСЬКИЙ МАШИНОБУДІВНИЙ ЗАВОД""",1.0,1
05748921,"ПрАТ ""ХЗ КПУ ""Пригма-Прес""",1.0,1
056943,BELVERY ESTABLISHMENT LIMITED,0.0,1
05529030,ВАТ Одеський консервний завод дитячого харчування ,1.0,1
05505696,ПрАТ РЗНЗБК,1.0,1
05496081,ДУБНОМОЛОКО,1.0,1
05479987,ТОВАРИСТВО З ОБМЕЖЕНОЮ ВІДПОВІДАЛЬНІСТЮ ПОЛІС,1.0,1
1062311052561,JOINT STOCK COMPANY HOLDING COMPANY KUBAN,0.0,1
1066167034955,SOUTH ENERGY LIMITED LIABILITY COMPANY,0.0,1
13939747,ПП ТОМС,1.0,1
1197746445896,THE BASICS OF INVESTMENT JOINT STOCK COMPANY,0.0,1
13858948,Громадська спілка Асоціація футболу Миколаївської області,1.0,1
13820029,Товариство з обмеженою відповідальністю НВП Корпорація КРТ,1.0,1
13729949,Медиком,1.0,1
13715462,ТОВ РОСТОК,1.0,1
13668567,ТОВ Фірма Екран,1.0,1
13660525,ТОВ Салон-перукарня Чарівниця,1.0,1
13340298,АЯГ і К,1.0,1
12125669,ТОВ форос компані,0.0,1
12-09-010344,ZOLOTO AGRO KFT.,0.0,1
1197746450648,"Joint stock company ""Investment proposals""",0.0,1
1197746219120,"Joint stock company ""Renaissance""",0.0,1
1096195005037,NRNP TRADE LIMITED LIABILITY COMPANY,0.0,1
1177746683938,TAVRIYA-NORTH INVESTMENT COMPANY LIMITED LIABILITY COMPANY,0.0,1
117659027000,Go2Greece Ltd,0.0,1
11694423,CONTEMPORARY ART EXHIBITION LIMITED,0.0,1
1157746283221,LIMITED LIABILITY COMPANY TAVRIA-INVEST,0.0,1
1156196053001,NRNP TRADING HOUSE LIMITED LIABILITY COMPANY,0.0,1
1149102027953,FIRM UKRSNAB LIMITED LIABILITY COMPANY,0.0,1
113053,Тріумф Груп Лтд.,0.0,1
11149,FOILS OVERSEAS LTD,0.0,1
110640001705,Travel Professional Group Kazakhstan LLC,0.0,1
11056326,Скайнет Глобал Віжн,0.0,1
30591501,ТОВ МОБІЛІ,1.0,1
30603074,ТОВАРИСТВО З ОБМЕЖЕНОЮ ВІДПОВІДАЛЬНІСТЮ ТОРГОВО-ФІНАНСОВА ФІРМА САНТИС,1.0,1
30626537,СТОВ «ДРУЖБА»,1.0,1
33732330,Приватне пидприемство «МЕД-КЛУБ»,1.0,1
33856112,'КОМПАНІЯ 'ЗЕЛЕНА ДОЛИНА',1.0,1
33855894,ТОВ «Резерв Плюс»,1.0,1
33838245,ТОВАРИСТВО З ОБМЕЖЕНОЮ ВІДПОВІДАЛЬНІСТЮ ДОНІНВЕСТПРОД,1.0,1
33819552,ТОВ «Федюківка-Агро»,1.0,1
33789770,"ПАТ ""Новьюенерго""",1.0,1
33786517,НОВИНИ 24 ГОДИНИ,1.0,1
33778967,"""КЛІНІКА ДУБНОВОЇ ""СТОМАТОЛОГ І Я""",1.0,1
33766731,ТОВАРИСТВО З ОБМЕЖЕНОЮ ВІДПОВІДАЛЬНІСТЮ СП-КОМФОРТ,1.0,1
33761211,РЕМБУД-ІНВЕСТ,1.0,1
33760326,ТОВАРИСТВО З ОБМЕЖЕНОЮ ВІДПОВІДАЛЬНІСТЮ МЕДИЧНИЙ ЦЕНТР АЗОВДІАМЕД,1.0,1
33708135,ПРОДХОЛОД,1.0,1
338779,SH FUNDING LTD,0.0,1
33695095,БАНК ІНВЕСТИЦІЙ ТА ЗАОЩАДЖЕНЬ,1.0,1
33680859,НАФТОТРЕЙД РЕСУРС ,1.0,1
33680728,ІНВЕСТ-ХОЛДІНГ,1.0,1
33680120,Тернопільський національний економічний університет,1.0,1
33653926,ТОВАРИСТВО З ОБМЕЖЕНОЮ ВІДПОВІДАЛЬНІСТЮ МІЖНАРОДНА ТРАНСПОРТНО-ЕКСПЕДИТОРСЬКА КОМПАНІЯ ІНТЕРТРАНССЕРВІС,1.0,1
33645992,СПОЖИВЧЕ ТОВАРИСТВО ПРИКАРПАТКООПСЕРВІС,1.0,1
33640219,"ТОВ ""КУА ""Промислові інвестиції"" (ПВІФ ""Четвертий венчурний фонд-Промислові інвестиції"" НВЗТ)",1.0,1
33631796,ТОВАРИСТВО З ОБМЕЖЕНОЮ ВІДПОВІДАЛЬНІСТЮ 'УКБ КЖБК',1.0,1
33623350,ТОВ «СХК «Вінницька промислова група»,1.0,1
33602681,Товариство з обмеженою відповідальністю СУПЕРСИМЕТРІЯ,1.0,1
33856290,КЛУБ АКТИВНОГО ВІДПОЧИНКУ ОРІЛЬ,1.0,1
33889038,ТОВ «Респектум»,1.0,1
33599166,"ТОВ ""ІНВЕСТ-БУДРЕСУРС""",1.0,1
34197767,ТОВАРИСТВО З ОБМЕЖЕНОЮ ВІДПОВІДАЛЬНІСТЮ ГРАНД-ОІЛ.ДК,1.0,1
34283533,SMART ENERGY B.V.,0.0,1
34283421,SMART HOLDING N.V.,0.0,1
34281966,ТОВ Харківський іподром,1.0,1
34279229,Товариство з обмеженою відповідальністю «ЕНЕРГЕТИЧНА ІНВЕСТИЦІЙНА КОМПАНІЯ»,1.0,1
34273431,ТОВАРИСТВО З ОБМЕЖЕНОЮ ВІДПОВІДАЛЬНІСТЮ МОРСЬКЕ АГЕНТСТВО ТРАНСМЕТ,1.0,1
34263418,Товариство з обмеженою відповідальністю Фінансова компанія Енергія-Інвест,1.0,1
34240935,ТОВ «Інвестбуд 3»,1.0,1
34222628,ТОВ «Оболонь Агро»,1.0,1
34221158,"АТ ""ЧТК""",1.0,1
34214926,АГРОТАНДЕМ - ПЛЮС,1.0,1
34113260,ШОСТКОНТИНЕНТ-ТУР,1.0,1
33899842,ХОГО СПОРТИВНА ФЕДЕРАЦІЯ ВІЛЬНОЇ БОРОТЬБИ,1.0,1
34112560,ПРИВАТНЕ ПІДПРИЄМСТВО ФІРМА АГРО-ЦЕНТР,1.0,1
34082615,ТОВАРИСТВО З ОБМЕЖЕНОЮ ВІДПОВІДАЛЬНІСТЮ 'МИСЛИВСЬКЕ ПОДВІР'Я',1.0,1
34055433,ОДЕСЬКА РЕГІОНАЛЬНА ОРГАНІЗАЦІЯ ПОЛІТИЧНОЇ ПАРТІЇ ОПОЗИЦІЙНА ПЛАТФОРМА - ЗА ЖИТТЯ ,1.0,1
34047881,ТРК НОВІ КОМУНІКАЦІЇ,1.0,1
34047282,ПРО РАДІО,1.0,1
34039659,ТОВАРИСТВО З ОБМЕЖЕНОЮ ВІДПОВІДАЛЬНІСТЮ «Агро-Ланівці»,1.0,1
34037300,ТОВАРИСТВО З ОБМЕЖЕНОЮ ВІДПОВІДАЛЬНІСТЮ «Берегиня Добра»,1.0,1
34034954,СИНЕВІР,1.0,1
34015486,ТОВАРИСТВО З ОБМЕЖЕНОЮ ВІДПОВІДАЛЬНІСТЮ 'ХАРВЕТ ІНК',1.0,1
33954138,Товариство з обмеженою відповідальністю КАНІВ-ПАРТНЕРШИП,1.0,1
33599852,ТОВ «ПРОМАУДИТ»,1.0,1
33589085,ТОВАРИСТВО З ОБМЕЖЕНОЮ ВІДПОВІДАЛЬНІСТЮ АМСТОР-М,1.0,1
34343393,ВАША БЕЗПЕКА,1.0,1
33007579,ПРИВАТНЕ ПІДПРИЄМСТВО АГРАРНА КОМПАНІЯ 2004,1.0,1
33160786,ТОВАРИСТВО З ОБМЕЖЕНОЮ ВІДПОВІДАЛЬНІСТЮ СПЕЦІАЛІЗОВАНЕ УПРАВЛІННЯ МЕТАЛУРГМОНТАЖ-207,1.0,1
33160330,"ТОВ ""ПРАВИЛЬНА КОМПАНІЯ""",1.0,1
33157045,ТОВАРИСТВО З ОБМЕЖЕНОЮ ВІДПОВІДАЛЬНІСТЮ 'ФРОСТ АЛЬФА',1.0,1
33155797,Інститут екології економіки і права,1.0,1
33143755,СІЛЬСЬКОГОСПОДАРСЬКЕ ТОВАРИСТВО З ОБМЕЖЕНОЮ ВІДПОВІДАЛЬНІСТЮ ЧИСТА КРИНИЧКА,1.0,1
33124753,Приватне акціонерне товариство «Логістичний центр Калинівка»,1.0,1
33102745,ТОВАРИСТВО З ОБМЕЖЕНОЮ ВІДПОВІДАЛЬНІСТЮ «ІНВЕСТИЦІЙНА КОМПАНІЯ «ТЕРРА-ІНВЕСТ»,1.0,1
33085856,ФОНД РОЗВИТКУ КІНОМИСТЕЦТВА,1.0,1
33071204,МІНЕРАЛИ ДОНБАСУ,1.0,1
33015354,ТОВАРИСТВО З ОБМЕЖЕНОЮ ВІДПОВІДАЛЬНІСТЮ ТОРГОВИЙ ДІМ ГОРНОСТАЇВСЬКИЙ РАЙАГРОХІМ,1.0,1
33005203,АГРОСТАЛЬ,1.0,1
33172676,ТОВАРИСТВО З ОБМЕЖЕНОЮ ВІДПОВІДАЛЬНІСТЮ ТОРГОВИЙ ДІМ ПРОДЕКСІМ,1.0,1
32999492,РЕНІ,1.0,1
32998017,АГРОФІРМА МРІЯ,1.0,1
32984842,КОЦЮБИНСЬКЕ-Т,1.0,1
32984093,ТОВ ПАБ,1.0,1
32978289,ЄВРОЕКСПОРТ,1.0,1
32967832,ПРАЙМ-ТАЙМ,1.0,1
32963995,КЕМП С.Т.А.Р.,1.0,1
32957300,ТОВАРИСТВО З ОБМЕЖЕНОЮ ВІДПОВІДАЛЬНІСТЮ УКРАЇНСЬКИЙ АГРАРНИЙ ХОЛДИНГ,1.0,1
32948158,ТОВ КАРТА,1.0,1
32948128,ТОВ КАРТА,1.0,1
33170616,АКЦЕПТ ПЛЮС,1.0,1
33182883,Роздільський керамічний завод,1.0,1
33579747,Обслуговуючий кооператив Садівниче товариство,1.0,1
33491374,ДОЧІРНЄ ПІДПРИЄМСТВО ТОВАРИСТВА З ОБМЕЖЕНОЮ ВІДПОВІДАЛЬНІСТЮ ПРОЕКТНО-БУДІВЕЛЬНЕ ПІДПРИЄМСТВО АЗОВІНТЕКС,1.0,1
33549267,ТОВАРИСТВО З ОБМЕЖЕНОЮ ВІДПОВІДАЛЬНІСТЮ АМСТОР-ІНВЕСТ,1.0,1
33549199,"ПАТ""ЗНКІФ ""ПРАЙМ ЕССЕТС КЕПІТАЛ""",1.0,1
33546685,ТОВ ДЕОСЕПТ,1.0,1
33538354,АЗВ,1.0,1
33537974,Товариство з обмеженою відповідальністю РУСИНІЯ,1.0,1
33524504,ТОВАРИСТВО З ОБМЕЖЕНОЮ ВІДПОВІДАЛЬНІСТЮ ТРАНС-БУД,1.0,1
33517738,ТОВ «ДНІПРОГРАД»,1.0,1
33517151,"ТОВ ""ІНТЕРПАЙП МЕНЕДЖМЕНТ""",1.0,1
33513052,ЗАВОД ГАЛИЧИНА,1.0,1
33499830,ТОВАРИСТВО З ОБМЕЖЕНОЮ ВІДПОВІДАЛЬНІСТЮ МІЖНАРОДНИЙ КУЛЬТУРОЛОГІЧНИЙ ЦЕНТР,1.0,1
33461979,Громадська організація Об'єднання підприємців Львівщини КРОК,1.0,1
33216314,НОВА КІНОСТУДІЯ,1.0,1
33447980,ТОВАРИСТВО З ОБМЕЖЕНОЮ ВІДПОВІДАЛЬНІСТЮ «ІНВЕСТИЦІЙНА КОМПАНІЯ «СПОРТ-ТУР»,1.0,1
33428643,КІРОВОГРАДСЬКИЙ ОБЛАСНИЙ БЛАГОДІЙНИЙ ФОНД ПІДТРИМКИ НЕЗАЛЕЖНОЇ ПРЕСИ,1.0,1
33396355,КОМЕРЦІЙНА ВЛАСНІСТЬ,1.0,1
33389458,ТОВАРИСТВО З ОБМЕЖЕНОЮ ВІДПОВІДАЛЬНІСТЮ 'БУДІНВЕСТ-1',1.0,1
33351340,ТОВАРИСТВО З ОБМЕЖЕНОЮ ВІДПОВІДАЛЬНІСТЮ АНТ- ЮГ,1.0,1
33304788,Будек,1.0,1
33289660,ВИРОБНИЧЕ ПІДПРИЄМСТВО ХАРКІВЕНЕРГОРЕМОНТ-Т,1.0,1
33254203,"ПП ""КАМЕЛОТ-3000""",1.0,1
33244991,ТОВАРИСТВО З ОБМЕЖЕНОЮ ВІДПОВІДАЛЬНІСТЮ КОРПОРАЦІЯ БАХМУТСЬКА СПІЛКА,1.0,1
33240728,ПРОМИСЛОВА ГРУПА МОНІЄР,1.0,1
34312627,ТОВ «Зелена Миля»,1.0,1
34355304,Леді Ю,1.0,1
32934922,ТОВ «КРАМАТОРСЬКИЙ ЗАЛІЗОБЕТОН»,1.0,1
34989711,АГРОФІРМА САНРАЙЗ,1.0,1
35069354,ТОВ Сафарі-ХХІ,1.0,1
35065208,СПОЖИВЧЕ ТОВАРИСТВО ПРИКАРПАТКООПТОРГ,1.0,1
35064766,ТОВ «Експертбудсервіс»,1.0,1
35054531,КЛТ,1.0,1
35052335,ТОВАРИСТВО З ОБМЕЖЕНОЮ ВІДПОВІДАЛЬНІСТЮ НАТАША-АГРО,1.0,1
35039398,ТОВ «Агрофірма «Медобори»,1.0,1
35033857,ТОВАРИСТВО З ОБМЕЖЕНОЮ ВІДПОВІДАЛЬНІСТЮ КОНДИТЕРСЬКА ІМЕНІ ЛЮДМИЛИ НАГАЄВСЬКОЇ,1.0,1
35028480,Юридична Фірма Правочин,1.0,1
35013982,РЕМБУД-ПОДІЛЛЯ,1.0,1
35009960,ЛЬВІВСЬКА ОБЛАСНА ГРОМАДСЬКА ОРГАНІЗАЦІЯ «ТУСТАНЬ» (ЛОГО «ТУСТАНЬ»),1.0,1
34988330,ВЛАДИ-МИР ПЛЮС,1.0,1
35100252,Спрінтеравто,1.0,1
34980661,ТОВ Кріейтор,1.0,1
34969454,АЗВ-2007,1.0,1
34965491,МІЖНАРОДНИЙ БЛАГОДІЙНИЙ ФОНД 'ФОНД ОЛЕКСАНДР ФЕЛЬДМАНА',1.0,1
34963363,РЕМБУД-ПОДІЛЛЯ ПЛЮС,1.0,1
34950726,Тернопільська обласна партійна організація Аграрної партії України,1.0,1
34927435,"ТОВ ""КУА ""Конкорд Ессет Менеджмент""",1.0,2
34911734,Обслуговуючий кооператив ЗОЛОТОВОРІТСЬКИЙ,1.0,1
34910861,ТОВ «Тандем Капітал»,1.0,1
34889259,Максимум ТВ-Миколаїв,1.0,1
35085899,Інститут стратегічних досліджень,1.0,1
35124273,АРТМЕДІА АДВ,1.0,1
34864962,Товариство з обмеженою відповідальністю «Д.А.С. ЕНЕРГО»,1.0,1
35313202,ТОВАРИСТВО З ОБМЕЖЕНОЮ ВІДПОВІДАЛЬНІСТЮ 'МИСЛИВСЬКО-РИБАЛЬСЬКЕ ГОСПОДАРСТВО 'ГАМАРНЯ',1.0,1
0000294427,GSG Kooperacja limited liability company,0.0,1
35604786,ФГ 'Кириченко М',1.0,1
35547104,ШАХТА ПОХИЛА,1.0,1
35511979,СИСТЕМ-ДЕВЕЛОПМЕНТ ГРУП,1.0,1
35505844,ТОВ СМІЛЯНСЬКИЙ ЛИВАРНИЙ ЗАВОД,1.0,1
35453137,ПРИВАТНЕ ПІДПРИЄМСТВО «Агропродсервіс-Плюс» ,1.0,1
35453100,ПРИВАТНЕ ПІДПРИЄМСТВО «Агропродсервіс - Біо» ,1.0,1
35452877,ПРИВАТНЕ ПІДПРИЄМСТВО «Агропродсервіс-Техніка» ,1.0,1
35450031,КОНСАЛТИНГОВА ФІРМА СТАТУС,1.0,1
35412656,Іланстрой,1.0,1
35290039,"ТОВ ""Компанія з управління активами ""ОТП Капітал""",1.0,1
35131982,ТОВ «РТЦ «Кремінь- Інвест»,1.0,1
35218633,ТОВ «Нова лінія-Миколаїв»,1.0,1
35204353,ТОВАРИСТВО З ОБМЕЖЕНОЮ ВІДПОВІДАЛЬНІСТЮ КАПІТЕЛЬ-ІНЖИНІРИНГ,1.0,1
35198874,ТОВАРИСТВО З ОБМЕЖЕНОЮ ВІДПОВІДАЛЬНІСТЮ 'ФУНДАМЕНТ АВТО',1.0,1
35198696,ТОВАРИСТВО З ОБМЕЖЕНОЮ ВІДПОВІДАЛЬНІСТЮ 'ОЛТАЙМ РЕНТ',1.0,1
35175747,ТОВ «Нова лінія-Ужгород»,1.0,1
35172594,ТОВАРИСТВО З ОБМЕЖЕНОЮ ВІДПОВІДАЛЬНІСТЮ «ЛАНДРАС-АГРО»,1.0,1
35168504,ТОВАРИСТВО З ОБМЕЖЕНОЮ ВІДПОВІДАЛЬНІСТЮ 'АВЕК ЛОГІСТІК ЗАХІД',1.0,1
35163773,Максимум ТВ-Дніпропетровськ,1.0,1
35156965,ТОВАРИСТВО З ОБМЕЖЕНОЮ ВІДПОВІДАЛЬНІСТЮ СОФІЯ - ГРАНІТ,1.0,1
35133288,БФ 'КШЕ',1.0,1
34864999,Товариство з обмеженою відповідальністю «А.С.Д. ЕНЕРГО»,1.0,1
34851178,ТОВАРИСТВО З ОБМЕЖЕНОЮ ВІДПОВІДАЛЬНІСТЮ АЕРОНН,1.0,1
34358085,ЛОГИСТИК ГРУПП ЛТД,1.0,1
34480856,ІНВЕСТИЦІЙНА КОМПАНІЯ НЕРУХОМОСТІ ХРЕЩАТИК,1.0,1
34602373,ТОВ «Торговий дім «ТРЕЙДКОМ «ІНКО»,1.0,1
34589232,ТОВАРИСТВО З ОБМЕЖЕНОЮ ВІДПОВІДАЛЬНІСТЮ БУДІВЕЛЬНО-ІНВЕСТИЦІЙНА КОМПАНІЯ ДНІПРО-ХОЛДІНГ,1.0,1
34581385,ПОДІЛЬСЬКА БІОЕНЕРГЕТИЧНА КОМПАНІЯ,1.0,1
34543910,ТОВ «РТЦ «Бориспіль»,1.0,1
34531030,ТОВАРИСТВО З ОБМЕЖЕНОЮ ВІДПОВІДАЛЬНІСТЮ МУЗЕЙ ІСТОРИЧНОГО КУЛЬТУРНОГО НАДБАННЯ ПЛАТАР,1.0,1
34524327,ВЕСТ ОЙЛ ГРУП,1.0,1
34494570,ТОВ ГОТЕЛЬ ПЕРЛИНА КАРПАТ,1.0,1
34486135,"ТОВ ""КУА""ІНВЕСТИЦІЙНИЙ КАПІТАЛ УКРАЇНА""",1.0,1
34483218,СМАРТ ТЕХНОЛОДЖИС,1.0,1
34481632,АВТОМОБІЛЬНА КОМПАНІЯ АВТОТРЕЙД-СЕРВІС,1.0,1
34479793,ТОВАРИСТВО З ОБМЕЖЕНОЮ ВІДПОВІДАЛЬНІСТЮ ГАЗЕНЕРГІЯ,1.0,1
34616496,Ю ей кепіталз,1.0,1
34475254,ТОВ «РТЦ «Ірпінь»,1.0,1
34470481,ПП ЛІЛІЯ ДЕКОР,1.0,1
34463783,ТОВАРИСТВО З ОБМЕЖЕНОЮ ВІДПОВІДАЛЬНІСТЮ РАДИВИЛІВ АГРО,1.0,1
34463741,ТОВАРИСТВО З ОБМЕЖЕНОЮ ВІДПОВІДАЛЬНІСТЮ АГРОФІРМА ТРИПІЛЛЯ,1.0,1
34457151,Товариство з обмеженою відповідальністю Еллекс,1.0,1
34454480,ДОЧІРНЄ ПІДПРИЄМСТВО ТРАНСМЕТ-КЕРЧ ТОВАРИСТВА З ОБМЕЖЕНОЮ ВІДПОВІДАЛЬНІСТЮ МОРСЬКЕ АГЕНТСТВО ТРАНСМЕТ,1.0,1
34440090,ШАХТА № 70,1.0,1
34430585,Максимум ТВ-Київ,1.0,1
34399781,БФ МАКСИМА ЄФІМОВА «НАШ КРАМАТОРСЬК»,1.0,1
34397674,ТОВ ТРК Кременчук,1.0,1
34606048,Львівський державний університет фізичної культури імені Івана Боберського,1.0,1
34647147,ТОВ АірПорт,1.0,1
34842210,СУЧАСНІ БІОПРОДУКТИ,1.0,1
34723112,Максимум ТВ-Донецьк,1.0,1
34785048,КЕГИЧІВСЬКЕ,1.0,1
34783208,ІНВЕСТАГРО-ТЕХНОЛОГІЯ,1.0,1
34763401,Аграрна партія України,1.0,1
34757225,ТОВАРИСТВО З ОБМЕЖЕНОЮ ВІДПОВІДАЛЬНІСТЮ 'БЕЛФІ',1.0,1
34757199,ТОВ 'БМ-ГРУП КОНСАЛТИНГ',1.0,1
34755139,ТОВАРИСТВО З ОБМЕЖЕНОЮ ВІДПОВІДАЛЬНІСТЮ 'ПЕРЕХРЕСТЯ ПЛЮС',1.0,1
34754952,ТОВАРИСТВО З ОБМЕЖЕНОЮ ВІДПОВІДАЛЬНІСТЮ 'АВАНТІС ПЛЮС',1.0,1
34752929,ТОВ «ГОЛЬФ ВІЖН УКРАЇНА»,1.0,1
34745136,ТОВ «РТЦ «ВОЛИНЬ»,1.0,1
34724053,СПОЖИВЧЕ ТОВАРИСТВО ПРИКАРПАТСЬКЕ,1.0,1
34718343,ТОВ «Нова лінія-Запоріжжя»,1.0,1
34648554,ТОВ Марбіус,1.0,1
34716646,ПРИВАТНЕ АКЦІОНЕРНЕ ТОВАРИСТВО СМАРТ-ХОЛДИНГ,1.0,1
34715578,Геофорс,1.0,1
34712933,ТОВАРИСТВО З ОБМЕЖЕНОЮ ВІДПОВІДАЛЬНІСТЮ ДУБЕНСЬКИЙ КРАЙ,1.0,1
34709098,ДІГЛОБАЛ ДЖЕНЕРАЛ СЕРВІС АЛЬЯНС ГРУП,1.0,1
34698924,БУДІВЕЛЬНО-ТРАНСПОРТНА КОМПАНІЯ ЕДЕЛЬВЕЙС,1.0,1
34695122,ЗАКРИТЕ АКЦІОНЕРНЕ ТОВАРИСТВО АКСЕСС,1.0,1
34688445,Приватне підприємство Білоцерківінвестбуд Холдинг,1.0,1
34672461,Товариство з обмеженою відповідальністю «СД «БІКОМ»,1.0,1
34653281,ТОВАРИСТВО З ОБМЕЖЕНОЮ ВІДПОВІДАЛЬНІСТЮ «Агропродсервіс Інвест»,1.0,1
34648643,Р.К.Х.К.-МЕД,1.0,1
32939297,ТОВАРИСТВО З ОБМЕЖЕНОЮ ВІДПОВІДАЛЬНІСТЮ АЗОВБУДМОНТАЖ,1.0,1
32922126,ТОВ ''Столична нерухомість'',1.0,1
30649879,ТОВ «Інтербуд»,1.0,1
31549731,ТОВАРИСТВО З ОБМЕЖЕНОЮ ВІДПОВІДАЛЬНІСТЮ АЛЬМІНСЬКИЙ КАМІНЬ,1.0,1
31711413,ТОВАРИСТВО З ОБМЕЖЕНОЮ ВІДПОВІДАЛЬНІСТЮ «СЕНС»,1.0,1
31694938,Товариство з обмеженою відповідальністю Науково-виробниче підприємство Колійні ремонтні технології,1.0,1
31674430,ТОВАРИСТВО З ОБМЕЖЕНОЮ ВІДПОВІДАЛЬНІСТЮ ВЕЗ АЗОВ-СХІД,1.0,1
31655024,АГРОАЛЬЯНС,1.0,1
31646622,ТОВ «Агрофірма імені В.Д.Слободяна»,1.0,1
31631663,ТОВАРИСТВО З ОБМЕЖЕНОЮ ВІДПОВІДАЛЬНІСТЮ 'ОЗДОРОВЧИЙ КОМПЛЕКС' СОНЯЧНА ГАЛЯВИНА',1.0,1
31607693,ПРИВАТНЕ АКЦІОНЕРНЕ ТОВАРИСТВО ІНФОРМАЦІЙНО ВИДАВНИЧА ГРУПА ТЕЛЕГРАФ,1.0,1
31597104,ЕНЕРГІЯ-1,1.0,1
31558992,ПРИВАТНЕ ПІДПРИЄМСТВО 'СТРАТУС',1.0,1
31558615,ТОВ МОНОЛІТ,1.0,1
31536958,СІНТ-ПОДІЛЛЯ,1.0,1
31729829,Товариства з обмеженою відповідальністю Науково-дослідна клініка біологічної медицини АНГЕЛІКА,1.0,1
31535451,ТОВАРИСТВО З ОБМЕЖЕНОЮ ВІДПОВІДАЛЬНІСТЮ РАДІОМОВНА КОМПАНІЯ - ГРОМАДСЬКЕ МОВЛЕННЯ,1.0,1
31473102,ТОВ ВІННИЦЬКИЙ ПОЛК ІМЕНІ ІВАНА СІРКА,1.0,1
31439847,ТОВ Корпорация АПК ,1.0,1
31422351,ПРИВАТНО-ОРЕНДНЕ ПІДПРИЄМСТВО «Тернопільське»,1.0,1
31412542,РЕМБУД,1.0,1
31410037,ТОВ М.Т.І.,1.0,1
31354376,ЯРОСЛАВІВ ВАЛ,1.0,1
31351883,КЕРУЮЧА КОМПАНІЯ НАШ БУДИНОК,1.0,1
31348823,ТОВ ПОЛК ІМЕНІ ІВАНА СІРКА,1.0,1
31344111,ПРИВАТНЕ АКЦІОНЕРНЕ ТОВАРИСТВО 'ПЕРСПЕКТИВА',1.0,1
31721725,ТОВАРИСТВО З ОБМЕЖЕНОЮ ВІДПОВІДАЛЬНІСТЮ ГРОТТО,1.0,1
31739789,ОКТАН,1.0,1
31303824,ТОВАРИСТВО З ОБМЕЖЕНОЮ ВІДПОВІДАЛЬНІСТЮ ЮДЖИН,1.0,1
31936159,ФГ 'ЮГ',1.0,1
32098466,Пілон,1.0,1
32062073,АГРОФІРМА ВІКТОРІЯ,1.0,1
32061730,Запоріжпромресурс,1.0,1
32043806,ТОВАРИСТВО З ОБМЕЖЕНОЮ ВІДПОВІДАЛЬНІСТЮ КОЛУМБУС,1.0,1
32038166,ВИРОБНИЧО-КОМЕРЦІЙНЕ ПІДПРИЄМСТВО МИРГОРОДСЬКИЙ ЗАВОД ТЕРМОЗБЕРІГАЮЧИХ КОНСТРУКЦІЙ,1.0,1
32032693,ТОВАРИСТВО З ОБМЕЖЕНОЮ ВІДПОВІДАЛЬНІСТЮ 'ІНВЕСТ ТРАНС',1.0,1
32014889,ТОВ «Карпатська кераміка»,1.0,1
32-0248928,PBN Holdings USA,0.0,1
31993112,Товариство з обмеженою відповідальністю ТОН,1.0,1
31944835,ТОВ «АЛМАТРЕЙД»,1.0,1
31935878,ТОВ Харківський кінний завод ,1.0,1
31740973,ТОВ СВІТ ЗВ'ЯЗКУ,1.0,1
31927595,АГЕНТСТВО НЕРУХОМОСТІ ЄВРОПА,1.0,1
31926140,ДІЛАЙС,1.0,1
31911401,ХЛІБОЗАВОД №10,1.0,1
31843688,Велдотерм-Україна,1.0,1
31838840,ФОРЗАЦ,1.0,1
31812838,А.Т.ТРЕЙДІНГ,1.0,1
31807545,ТЕХНОЛОГІЧНИЙ ПАРК УКРАЇНСЬКІ ІНФОРМАЦІЙНО-ТЕЛЕКОМУНІКАЦІЙНІ ТЕХНОЛОГІЇ,1.0,1
31774096,ПРИВАТНЕ СІЛЬСЬКОГОСПОДАРСЬКЕ ПІДПРИЄМСТВО «ОСКАР»,1.0,1
31765830,ТОВАРИСТВО З ОБМЕЖЕНОЮ ВІДПОВІДАЛЬНІСТЮ «РІВНЕ-СТИЛЬ»,1.0,1
31747429,ТОВАРИСТВО З ОБМЕЖЕНОЮ ВІДПОВІДАЛЬНІСТЮ ПРОМ-ЕНЕРГО ПРОДУКТ,1.0,1
31313240,ЧУМАКИ,1.0,1
31243163,ПРИВАТНЕ ПІДПРИЄМСТВО ОМЕГА-ТВ,1.0,1
32110158,ІНВЕСТ ПРОДАКШН СИСТЕМ,1.0,1
30778000,ТОВАРИСТВО З ОБМЕЖЕНОЮ ВІДПОВІДАЛЬНІСТЮ ПОДІЛ -2000,1.0,1
30904409,ПСП «ЧЕРВОНИЙ МАЯК»,1.0,1
30869160,АГРОФІРМА ВЕСНА,1.0,1
30868790,ТОВАРИСТВО З ОБМЕЖЕНОЮ ВІДПОВІДАЛЬНІСТЮ КОМПАНІЯ УКРЕЛІТАГРО,1.0,1
30864974,СІЛЬСЬКОГОСПОДАРСЬКЕ ТОВАРИСТВО З ОБМЕЖЕНОЮ ВІДПОВІДАЛЬНІСТЮ «Вікторія»,1.0,1
30858281,СІНТЕЗ-ГРУП,1.0,1
30849610,СНОВСЬКЕ,1.0,1
30848245,КАРЕТНИЙ ДВІР,1.0,1
30828716,ТОВАРИСТВО З ОБМЕЖЕНОЮ ВІДПОВІДАЛЬНІСТЮ «Галицька зернова компанія»,1.0,1
30804351,ТОВ Автотранспортне підприємство 01,1.0,1
30787240,ПРИВАТНО - ОРЕНДНЕ ПІДПРИЄМСТВО «Урманське» ,1.0,1
30765096,СІЛЬСЬКОГОСПОДАРСЬКЕ ТОВАРИСТВО З ОБМЕЖЕНОЮ ВІДПОВІДАЛЬНІСТЮ АГРО-ЛУЧКИ,1.0,1
30926003,Сільськогосподарське ТОВ Куйбишево,1.0,1
30763345,ТОВ «ПОЛІССЯ СЛ»,1.0,1
30761950,ТОВ АГРОФІРМА ПРОГРЕС,1.0,1
30755465,ТОВ Безмятежне,1.0,1
30752253,ТОВ КАМПОРЕСИ ЛУЧИАНО С.Р.Л.,1.0,1
30735674,ТОВАРИСТВО З ОБМЕЖЕНОЮ ВІДПОВІДАЛЬНІСТЮ ТУРИСТИЧНА ФІРМА АЗОВ-ВОЯЖ,1.0,1
30728887,Приватне акціонерне товариство «НОВА ЛІНІЯ»,1.0,1
30723370,ТОВАРИСТВО З ОБМЕЖЕНОЮ ВІДПОВІДАЛЬНІСТЮ ВИРОБНИЧО-КОМЕРЦІЙНА ФІРМА РИМІД,1.0,1
30711648,Жил-Уют,1.0,1
30679065,М ЕНД С ГРУП,1.0,1
30678208,Товариство з обмеженою відповідальністю СТУДІЯ ВОЛОДИМИР ТАРАСЮК,1.0,1
30921733,ОРІЛЬСЬКИЙ ОБ'ЄДНАНИЙ ЕЛЕВАТОР,1.0,1
309446,FREDIANIA TRADING LTD,0.0,1
31230573,ТОВАРИСТВО З ОБМЕЖЕНОЮ ВІДПОВІДАЛЬНІСТЮ ПАРТНЕР,1.0,1
31097959,Мале приватне виробничо-комерційне підприємство «ЛЕГІОН»,1.0,1
31230568,КОРПОРАЦІЯ ЗАХІДНА НАФТОВА ГРУПА - КАРПАТИ,1.0,1
31226169,КОМО-ЕКСПОРТ,1.0,1
31205327,ТОВ «ГАЛЛАОР»,1.0,1
31201872,Товариство з обмеженою відповідальністю АФРИКА,1.0,1
31171293,Товариство з обмеженою відповідальністю ДІМ 911,1.0,1
311635,KLIRENDO SERVICES LTD,0.0,1
31139181,ТОВ «Моноліт»,1.0,1
31132055,ТОВАРИСТВО З ОБМЕЖЕНОЮ ВІДПОВІДАЛЬНІСТЮ АЗОВМОРСЕРВІС,1.0,1
31104295,ТОВАРИСТВО З ОБМЕЖЕНОЮ ВІДПОВІДАЛЬНІСТЮ «Теофіпілка»,1.0,1
31100641,СІЛЬСЬКОГОСПОДАРСЬКЕ ТОВАРИСТВО З ОБМЕЖЕНОЮ ВІДПОВІДАЛЬНІСТЮ ТІКИЧ,1.0,1
31061545,ТОВ ІНВЕСТОР-АТІКА,1.0,1
30952756,ТОВ Імперія,1.0,1
31061414,ТОВАРИСТВО З ОБМЕЖЕНОЮ ВІДПОВІДАЛЬНІСТЮ 'МАГНІТ',1.0,1
310559,PELIDONA SERVICES LTD,0.0,1
31054999,ТОВ «ЗОВНІШПРОМРЕСУРСИ»,1.0,1
31054632,ТОВАРИСТВО З ОБМЕЖЕНОЮ ВІДПОВІДАЛЬНІСТЮ ОХОРОННА ФІРМА ДУБРАВА,1.0,1
31054281,ТОВАРИСТВО З ОБМЕЖЕНОЮ ВІДПОВІДАЛЬНІСТЮ ФІРМА АЗОЛІТ,1.0,1
31044378,ТОВ «Центр будівельних матеріалів «Осмолода»,1.0,1
31019268,Товариство з обмеженою відповідальністю спортивно-туристичний комплекс Синяк,1.0,1
30990063,Товариство з обмеженою відповідальністю Тайфун-2000,1.0,1
309626,Havanor Management Limited,0.0,1
30960717,АГРОФІРМА ПРИОРІЛЬСЬКА,1.0,1
32108086,ПП Матусина школа,1.0,1
32115135,ПРИВАТНЕ ПІДПРИЄМСТВО «НОВИЗНА»,1.0,1
32900708,Товариство з обмеженою відповідальністю «СПЕКТРСТРОЙ»,1.0,1
32574727,ТРК ЛАВАНДА,1.0,1
32706734,ТОВАРИСТВО З ОБМЕЖЕНОЮ ВІДПОВІДАЛЬНІСТЮ «ІНВЕСТИЦІЙНА КОМПАНІЯ «УКРКАПІТАЛ»,1.0,1
32706514,"Товариство з обмеженою відповідальністю ""Юрімекс""",1.0,1
32692800,БІАНТ - БУДІВЕЛЬНА КОМПАНІЯ,1.0,1
32675319,"ПрАТ ""АВЕК ХОЛДИНГ""",1.0,1
32674844,ТОВ ХУТОРОК,1.0,1
32659577,ТОВ СП АГРОДІМ,1.0,1
32597634,ТОВАРИСТВО З ОБМЕЖЕНОЮ ВІДПОВІДАЛЬНІСТЮ ІНСТИТУТ КИЇВПРОЕКТРЕСТАВРАЦІЯ,1.0,1
32597168,ТОВ АФ Європейська аудиторська група,1.0,1
32597058,ТОВАРИСТВО З ОБМЕЖЕНОЮ ВІДПОВІДАЛЬНІСТЮ ХОКЕЙНИЙ КЛУБ СОКІЛ КИЇВ,1.0,1
32577534,ПРИВАТНЕ АКЦІОНЕРНЕ ТОВАРИСТВО ЮГ-АГРО,1.0,1
32548765,Террикон Холдінг,1.0,1
32735168,ТОВ ЄВРОДИСКОНТ,1.0,1
32526406,ТОВ Будінфорум,1.0,1
32525664,Комкон Фарма-Україна,1.0,1
32521261,ТОВ «Інтертуризм»,1.0,1
32503551,ТОВАРИСТВО З ОБМЕЖЕНОЮ ВІДПОВІДАЛЬНІСТЮ РАЙАГРОХІМ,1.0,1
32498369,ТЕРА,1.0,1
32496204,ТОРГІВЕЛЬНО-МАРКЕТИНГОВИЙ ДІМ ЯСИНУВАТСЬКИЙ МАШИНОБУДІВНИЙ ЗАВОД,1.0,1
32493486,ТОВАРИСТВО З ОБМЕЖЕНОЮ ВІДПОВІДАЛЬНІСТЮ 'АВЕК УКРАЇНА',1.0,1
32490244,ТОВ «Епіцентр К»,1.0,1
32487252,ТОВАРИСТВО З ОБМЕЖЕНОЮ ВІДПОВІДАЛЬНІСТЮ ДЕЛЬТА ШИППІНГ,1.0,1
32475184,Ярославна,1.0,1
32715728,ЗАКРИТЕ АКЦІОНЕРНЕ ТОВАРИСТВО КАРАНЬ-АГРО,1.0,1
32735828,"ТОВ ""Юридична фірма ""СІ.ТІ.АР.""",1.0,2
32471436,ЕКСТРІМ - СТИЛЬ,1.0,1
32835903,АРТМЕДІА ГРУП,1.0,1
32897603,МИСЛИВСЬКИЙ КЛУБ КРЕМІНКА,1.0,1
32896725,СТОВ «Агро-Ленд»,1.0,1
32860498,МПП Фокстрот-Сервіс,1.0,1
32856965,ТОВ Да Вінчі Аг,1.0,1
32855584,ТОВ «Інтерагроінвест»,1.0,1
32851663,АВАЛЬНИЙ-Т,1.0,1
32850764,ПЕЧЕРСЬКИЙ-Т,1.0,1
32850675,САДОВИЙ-Т,1.0,1
32850654,ТОВ МІЖНАРОДНА ФАРМАЦЕВТИЧНА ГРУПА,1.0,1
32847201,ТОВАРИСТВО З ОБМЕЖЕНОЮ ВІДПОВІДАЛЬНІСТЮ АЛЬФА-МЕТАЛ,1.0,1
32833445,ПП АГЕНЦІЯ ШЕРИФ,1.0,1
32827143,ІНФОКОНСАЛТ,1.0,1
32827054,ІСТ-ВЕСТ КЕПІТАЛ ІНВЕСТМЕНТ,1.0,1
32792524,Товариство з обмеженою відповідальністю «ЛІЗИНГ ІНВЕСТ»,1.0,1
32788450,ТОВАРИСТВО З ОБМЕЖЕНОЮ ВІДПОВІДАЛЬНІСТЮ ГРАНД,1.0,1
32786385,ТОВАРИСТВО З ОБМЕЖЕНОЮ ВІДПОВІДАЛЬНІСТЮ ПРОДХІМІНДУСТРІЯ,1.0,1
32771630,ТОВ ІМК,1.0,1
32767870,товариство з обмеженою відповідальністю РЕДАКЦІЯ ГАЗЕТИ ВЕЧІРНЯ ГАЗЕТА,1.0,1
32757690,АМАЛЬГАМА,1.0,1
32746269,РЕСУРСИ,1.0,1
32739322,ПОДІЛЬСЬКИЙ ЛЕГІОНЕР,1.0,1
32471441,СПЕЦ - СТИЛЬ,1.0,1
32467807,ПРИВАТНЕ ПІДПРИЄМСТВО РАДІО СЛАТІНА-РТК,1.0,1
32119810,Дочірнє підприємство Партнер Плюс товариства з обмеженою відповідальністю Партнер,1.0,1
32216942,ПРИВАТНЕ ПІДПРИЄМСТВО «ПРОФЕСІОНАЛ»,1.0,1
32230967,ТОВАРИСТВО З ОБМЕЖЕНОЮ ВІДПОВІДАЛЬНІСТЮ ЛОРВІТ,1.0,1
32230574,ПРИВАТНЕ ПІДПРИЄМСТВО «ПЛЮС - СТИЛЬ»,1.0,1
32230569,ПРИВАТНЕ ПІДПРИЄМСТВО «СУПЕР - СТИЛЬ»,1.0,1
32230553,ПРИВАТНЕ ПІДПРИЄМСТВО «ПРЕСТИЖ - СТИЛЬ»,1.0,1
32230548,ПРИВАТНЕ ПІДПРИЄМСТВО «ТЕХНО - СТИЛЬ»,1.0,1
32230532,ПРИВАТНЕ ПІДПРИЄМСТВО «ЕЛІТ-СТИЛЬ»,1.0,1
32217003,"ПП ""Творчість""",1.0,1
32216998,ПРИВАТНЕ ПІДПРИЄМСТВО «КЛАСИКА»,1.0,1
32216963,ПРИВАТНЕ ПІДПРИЄМСТВО «РИТМ»,1.0,1
32216958,ПРИВАТНЕ ПІДПРИЄМСТВО «ТЕНДЕНЦІЯ»,1.0,1
32216937,ПРИВАТНЕ ПІДПРИЄМСТВО «ГАРМОНІЯ»,1.0,1
32257732,ТОВ «Арніка»,1.0,1
32216921,ПРИВАТНЕ ПІДПРИЄМСТВО «МЕРЕЖИВО»,1.0,1
32216916,ПРИВАТНЕ ПІДПРИЄМСТВО «ТАКТ»,1.0,1
32208816,"ТОВ ""ФАРМАЦЕВТ ПРАКТИК""",1.0,1
32191766,"ПП ""Палітра""",1.0,1
32180644,Про Тек Паркет,1.0,1
32167780,ТОВ «АКВАТОРІЯ»,1.0,1
32133730,"ПРИВАТНЕ АКЦІОНЕРНЕ ТОВАРИСТВО ""НАУКОВО-ВИРОБНИЧЕ ПІДПРИЄМСТВО ""СИСТЕМА""",1.0,1
32124841,ТОВАРИСТВО З ОБМЕЖЕНОЮ ВІДПОВІДАЛЬНІСТЮ ПЕРША М'ЯСНА ХАТА,1.0,1
32123041,ТОВАРИСТВО З ОБМЕЖЕНОЮ ВІДПОВІДАЛЬНІСТЮ АМСТОР,1.0,1
32119826,СТАРОВИННИЙ ЗАМОК,1.0,1
32248974,Екотехпром,1.0,1
32262255,ЗАХІДНА ІНФОРМАЦІЙНА КОРПОРАЦІЯ,1.0,1
32467587,ЖИТОМИРЖИТЛОБУД,1.0,1
32305728,М-ЕНД-С,1.0,1
32455655,Товариство з обмеженою відповідальністю ЛУЛУ,1.0,1
32437332,ТОВ САХАЛІНСЬКЕ-1,1.0,1
324293,SMART RETAIL GROUP LTD,0.0,1
32425924,ПРИВАТНЕ АКЦІОНЕРНЕ ТОВАРИСТВО ЛІКУВАЛЬНО-ОЗДОРОВЧИЙ КОМПЛЕКС АЙВАЗОВСЬКЕ,1.0,1
32422415,Комкон-Україна,1.0,1
323961,ROKESTONO LTD,0.0,1
32386367,ДОЧІРНЄ ПІДПРИЄМСТВО ІНСТИТУТ ГЕНЕРАЛЬНОГО ПЛАНУ МІСТА КИЄВА,1.0,1
32344577,GLORIETTA INVESTMENTS 1 APS,0.0,1
32337278,ТОВ САХАЛІНСЬКЕ,1.0,1
32335443,ТОВАРИСТВО З ОБМЕЖЕНОЮ ВІДПОВІДАЛЬНІСТЮ 'ХАРВЕТ',1.0,1
32291747,"ПП ""Мозаїка""",1.0,1
32270093,ЕНЕРГІЯ КАРПАТ,1.0,1
32291731,"ПП ""Символ""",1.0,1
32291726,ШЕДЕВР,1.0,1
32286570,АГРОФІРМА ВІДРОДЖЕННЯ,1.0,1
32285108,КОЛОРИТ,1.0,1
32285094,ІМПУЛЬС,1.0,1
32285089,СОНАТА,1.0,1
32285073,КОНТУР,1.0,1
32285068,ДЕБЮТ,1.0,1
32285052,ПРИВАТНЕ ПІДПРИЄМСТВО «ЛІДЕР»,1.0,1
32280489,ДНІПРОВСЬКИЙ ТЕПЛИЧНИЙ КОМБІНАТ,1.0,1
MI-2082269,LILY DECOR S.R.L,0.0,1
