org_id,org_name,counts
38488439,Національна асоціація адвокатів України,30
43194256,Громадська організація Я українець - мені не все одно,3
43297484,Благодійний фонд Я українець - мені не все одно,3
42654646,Громадська організація Олексія Леонова Я Одесит - мені не все одно,3
40224612,ПРОФЕШЕНАЛ ГАВЕРМЕНТ,3
37313251,"ГО ""Асоціація випускників ""Аспен-Україна""",3
39397003,Громадська організація ЛЮДИ МАЙБУТНЬОГО,2
39344056,Всеукраїнська організація Самооборона Майдану,3
14360127,МОЛОДІЖНА ОРГАНІЗАЦІЯ ПЛАСТ-НАЦІОНАЛЬНА СКАУТСЬКА ОРГАНІЗАЦІЯ УКРАЇНИ,4
26334715,ВСЕУКРАЇНСЬКА ГРОМАДСЬКА ОРГАНІЗАЦІЯ АСОЦІАЦІЯ ПРАВНИКІВ УКРАЇНИ,8
39634331,ПОЛІТИЧНА ПАРТІЯ РУХ НОВИХ СИЛ МИХАЙЛА СААКАШВІЛІ,2
42171490,Первинна профспілкова організація Міністерства юстиції України,2
39639214,"Громадська організація ""СІЧ-С14""",1
00013238,"ГРОМАДСЬКА ОРГАНІЗАЦІЯ ""НАЦІОНАЛЬНИЙ ОЛІМПІЙСЬКИЙ КОМІТЕТ УКРАЇНИ""",2
39640992,"ГРОМАДСЬКА ОРГАНІЗАЦІЯ ""ВІЙСЬКОВО-ПАТРИОТИЧНИЙ КЛУБ ""АЙДАР""",1
39641307,НОВИЙДОНБАС,1
39663083,Благодійна організація МІЖНАРОДНИЙ БЛАГОДІЙНИЙ ФОНД ПЕРЛИНА ГАЛИЧИНИ,1
39588595,Я - Волноваха,1
39699802,"Громадська організація ""Агенція місцевого економічного розвитку Кам’янка-бузького району""",1
39704780,ГРОМАДСЬКА ОРГАНІЗАЦІЯ БІРЖА МОЛОДІЖНИХ ПРОЕКТІВ,2
39707184,ЦЕНТР CХІДНОЄВРОПЕЙСЬКИХ ІНІЦІАТИВ,2
39667393,Громадська організація Неподільна Україна,1
39581160,"БЛАГОДІЙНА ОРГАНІЗАЦІЯ ""БЛАГОДІЙНИЙ ФОНД СЕМЕНА СЕМЕНЧЕНКА""",1
39587774,"ГРОМАДСЬКА ОРГАНІЗАЦІЯ ""МІЖНАРОДНИЙ ЦЕНТР СТРАТЕГІЧНОЇ ПОЛІТИКИ""",1
39582430,"ГО ""ВПО ""Юридична Сотня""",1
39712346,"Громадська організація ""Об'єднання наша спільна справа"" ",1
39576165,"""Всеукраїнська мережа ""Вільні люди""",1
39575549,ГРОМАДСЬКА ОРГАНІЗАЦІЯ АСОЦІАЦІЯ ПРОФЕСІОНАЛІВ КОРПОРАТИВНОЇ БЕЗПЕКИ УКРАЇНИ,1
39573688,ГРОМАДСЬКА ОРГАНІЗАЦІЯ 'ЄВРОПЕЙСЬКА АСОЦІАЦІЯ ЗООЛОГІЧНИХ ОРГАНІЗАЦІЙ',1
39572134,ГРОМАДСЬКА ОРГАНІЗАЦІЯ КРАЩИЙ СИХІВ,1
39562189,"ГРОМАДСЬКА ОРГАНІЗАЦІЯ ""ГРОМАДСЬКА РАДА СМАРТ-СІТІ""",1
39559637,"Благодійна організація ""Всеукраїнський Фонд Домомоги Родинам Українських Героїв ""ДРУГ""",1
39550791,Благодійна організація Благодійний фонд Рудика Сергія Ярославовича,1
39497047,ФОНД ПОЗИВНИЙ ГОРИНИЧ,1
39488907,"""ТВОРЧЕ ОБ'ЄДНАННЯ ""ВАВИЛОН 13""",1
39784206,"ГО ""Рішучі громадяни""",1
39723908,Рідна Яворівщина,1
39730056,"""МИ - АРМІЯ УКРАЇНИ""",1
40087815,"ГРОМАДСЬКА ОРГАНІЗАЦІЯ ""ПЕРШИЙ КОЗАЦЬКИЙ ПОЛК ""ЗАПОРІЗСЬКА СІЧ""",1
40070581,"Громадська організація ""Госпітальєри""",1
40054313,"""МІЖНАРОДНИЙ БЛАГОДІЙНИЙ ФОНД БРАТІВ КУЗЬМІНИХ""",1
40034391,"ГРОМАДСЬКЕ ФОРМУВАННЯ З ОХОРОНИ ГРОМАДСЬКОГО ПОРЯДКУ ""ПОДІЛЛЯ""",1
40025078,Благодійний фонд Ткачук ,1
39986390,"громадська організація ""Всеукраїнська спілка учасників АТО, бойових дій та миротворчих місій"" відокремлений підрозділ м. Кременчук Полтавської області",1
39982684,ГРОМАДСЬКА ОРГАНІЗАЦІЯ ФУДЗАЛЬНИЙ КЛУБ ПРОДЕКСІМ,1
39931425,Релігійна громада Парафія Преподобної Мучениці Євгенії Черкаської Єпархії Української Православної церкви Київського Патріархату м. Сміла,1
39927225,Політична партія Українська православна асамблея,1
39920738,БЛАГОДІЙНА ОРГАНІЗАЦІЯ БЛАГОДІЙНИЙ ФОНД ПІДТРИМКИ СТРАТЕГІЙ ТА ІННОВАЦІЙ,1
39913783,ГО БІГОВА УКРАЇНА,1
39902661,"""ГРОМАДЯНСЬКА ІНІЦІАТИВА РОМАНА МАЦОЛИ ""ІНСТИТУТ СОЛІДАРНОСТІ ГРОМАД""",1
39878456,Політична партія Наш Край,2
39863664,Штаб національного захисту Херсонської області,1
39853756,21 ЛИСТОПАДА,1
39843355,"ГРОМАДСЬКА ОРГАНІЗАЦІЯ ""В/Ч 0624 АЙДАР""",1
39839417,Сильне місто,1
39833183,"Благодійний фонд ""Ігоря Палиці ""Тільки разом""""",1
39819170,Благодійний фонд Волонтери Городоччини,1
39795066,ЦЕНТР ПІДТРИМКИ АЕРОРОЗВІДКИ,1
39788991,ГО Інститут інформаційної безпеки,1
39787818,Громадська спілка Харківська громадська люстраційна палата,1
39786643,СВІДОМА ГРОМАДСЬКІСТЬ,1
39466134,"ГРОМАДСЬКА ОРГАНІЗАЦІЯ ""ДОКУМЕНТАЛЬНА РЕКОНСТРУКЦІЯ""",1
39777995,"БЛАГОДІЙНИЙ ФОНД ""ПРИБУЖЖЯ""",1
39741576,Всеукраїнський союз ветеранів АТО,1
39739462,ВСЕУКРАЇНСЬКИЙ БЛАГОДІЙНИЙ ФОНД СПРАВЖНЬОЇ БОРОТЬБИ З РАКОМ,1
39733696,БФРР Єдина Країна,1
39480012,"Громадська організація ""Інститут розробки інноваційних технологій""",1
39364051,Штаб національного захисту Полтавської області,1
39455824,Автомайдан,1
38737223,Громадська організація Агенція економічного розвитку міста Першотравенськ,1
39088449,Міжнародний інститут Афонської спадщини в Україні,1
39084952,Майдан закордонних справ,1
39029210,Національна асоціація адвокатів України - призупинено право на зайняття адвокатською діяльністю,1
38969442,"Благодійна організація ""Всеукраїнський благодійний фонд ""Народна довіра""",1
38937080,"ГО""СК Едванс""",1
38892474,"ГС Світова Федерація Українських Лемківських Об""єднань",1
38838035,"Громадська організація ""Лебедівна""",1
38813665,"Благодійний фонд ""Агенція місцевого економічного розвитку м. Зеленодольська""",1
38798223,"ГРОМАДСЬКА ОРГАНІЗАЦІЯ ""СХІДНОЄВРОПЕЙСЬКИЙ КОЛЕГІУМ ТЕРИТОРІАЛЬНОГО ТА МІСЦЕВОГО УПРАВЛІННЯ""",1
38791448,ГРОМАДСЬКА СПІЛКА ВСЕУКРАЇНСЬКА АСОЦІАЦІЯ ДИСТРИБ'ЮТОРІВ НАСІННЯ ТА ЗАСОБІВ ЗАХИСТУ РОСЛИН,1
38749693,ГРОМАДСЬКА СПІЛКА ВСЕУКРАЇНСЬКА ДИТЯЧО-ЮНАЦЬКА ФУТБОЛЬНА ЛІГА УКРАЇНИ,1
38746023,ГРОМАДСЬКА ОРГАНІЗАЦІЯ ВСЕУКРАЇНСЬКА ЛЮСТРАЦІЯ,2
38726735,"Громадська організація ""Всеукраїнське об'єднання ""Народна довіра""",1
39122180,ГФ Народна самооборона,1
38726363,Київська обласна партійна організація Політичної Партії Республіканців,1
38714688,ГРОМАДСЬКА ОРГАНІЗАЦІЯ ''ВСЕУКРАЇНСЬКЕ ОБ'ЄДНАННЯ ''ЦЕНТР РОЗВИТКУ ЛЮДИНИ'',1
38706132,ГО Янг презідентс оргенізейшн Київ чаптер,1
38692895,АСОЦІАЦІЯ 'НАЦІОНАЛЬНА АСОЦІАЦІЯ ПРОМИСЛОВОГО ХЛІБОПЕКАРСТВА',1
38654747,Донецьк 365,1
38647685,"Громадська спілка ""Громадська рада м.Чернігів",1
38645714,Громадська організація 'Юридичний центр 'Конфіденс',1
38637939,ГРОМАДСЬКА ОРГАНІЗАЦІЯ КИЯНИ ЗА КОНКРЕТНІ СПРАВИ,1
38629273,"Благодійна організація благодійний фонд Валерія Лунченка та Мирослава Білецького ""Ваше Майбутнє""",1
38619286,"Благодійний фонд ""Підтримки материнства, дитинства та радіологічної безпеки""",1
38607600,Всеукраїнська національна федерація дворового футболу,1
38569466,"Громадська організація ""Всеукраїнський демократичний форум""",1
38567652,Всеукраїнська громадська організація Бюро антикорупційних розслідувань,1
39106525,"ГРОМАДСЬКА ОРГАНІЗАЦІЯ ""ІНСТИТУТ СТРАТЕГІЧНИХ ДОСЛІДЖЕНЬ ""НОВА УКРАЇНА""",1
39125362,Благодійний фонд ''Здоров'я Тернопільщини'',1
39418646,Благодійний фонд Братство меценатів Благодійники Вітчизни,1
39327931,Громадська організація РОЗВИТОК СТОЛИЦІ,1
39402924,Всеукраїнське об'єднання ДОРОГА ЖИТТЯ!,1
39371179,"БЛАГОДІЙНА ОРГАНІЗАЦІЯ ""ФОНД СЕРГІЯ ЛЬОВОЧКІНА ""НОВА УКРАЇНА"" ",1
39368805,"Благодійна організація ""Фонд Сергія Шахова""",1
39366525,Представництво громадської організації Об'єднання Самопоміч у місті Яворів,1
40113965,"ГРОМАДСЬКА ОРГАНІЗАЦІЯ ""ДОБРОВОЛЬЧЕ ФОРМУВАННЯ ""АЙДАР""",1
39362033,Благодійна організація Агентство відновлення та розвитку Донбасу,1
39361768,Фонд підтримки реформ в Україні,1
39356889,Спілка Відродження Донбаса,2
39349599,БЛАГОДІЙНА ОРГАНІЗАЦІЯ «БЛАГОДІЙНИЙ ФОНД ПІДТРИМКИ ДОБРОВОЛЬЦІВ»,1
39344590,АСОЦІАЦІЯ ПОДАТКОВИХ РАДНИКІВ,1
39332035,Скадовськ наш дім,1
39318230,"ГРОМАДСЬКА ОРГАНІЗАЦІЯ ""ПРАВОЗАХИСНА ГРУПА СІЧ""",1
39138410,"ГО ""АЦ ""Нова соціальна та економічна політика"" ",1
39294079,Громадське формування Захист та безпека,1
39256819,Фундація суспільних перетворень,1
39251742,ГРОМАДСЬКА ОРГАНІЗАЦІЯ ФІЗКУЛЬТУРНО-СПОРТИВНЕ ТОВАРИСТВО ТЕНІС ДЛЯ ВАС,1
39251370,Громадська організація Всеукраїнське об'єднання Патріот,1
39230586,Відокремлений підрозділ в Вінницькій області ГО Всеукраїнська організація сприяння збройним силам України імені Гетьмана Сагайдачного,1
39225272,ІНСТИТУТ СОЦІАЛЬНОГО ЗАХИСТУ ГРОМАДЯН,1
39214522,"ГРОМАДСЬКА ОРГАНІЗАЦІЯ ""ВСЕУКРАЇНСЬКА ОРГАНІЗАЦІЯ ""ГІДНІСТЬ І ВОЛЯ""",1
39203380,Всеукраїнське обєднання захисту прав сімї,1
39197434,Патріоти Києва,1
39174967,"ГРОМАДСЬКА ОРГАНІЗАЦІЯ ""ВСЕУКРАЇНСЬКЕ ОБ'ЄДНАННЯ ""АВТОМАЙДАН""",1
39173696,БФРР Єдина Країна,1
39149024,"ГРОМАДСЬКА ОРГАНІЗАЦІЯ ""ЧАС-ДІЙ""",1
39145192,"""ХУСТ-ЕКСТРІМ""",1
40090440,Рада лісового сектору,1
40237930,ГО «ЖИТТЯ БЕЗ КОРУПЦІЇ»,1
40175089,ГО Офіс ефективного регулювання,1
41670536,УМР,2
42130029,"БО БФ МИХАЙЛА БОНДАРА БОРЕМОСЬ, ПЕРЕМАГАЄМО",1
42113583,ГО Колегіум Анни Ярославовни Схід,1
42113019,Громадська організація ПІСКІВКА СПОРТЦЕНТР,1
42073846,ГРОМАДСЬКА ОРГАНІЗАЦІЯ ФАУНДЕЙШН ФО ФЬЮЧЕР,1
42036212,ГО ''МИР. РОЗВИТОК. СТАБІЛЬНІСТЬ.'',1
41958619,ГРОМАДСЬКА ОРГАНІЗАЦІЯ АЛЬЯНС УЧАСНИКІВ БОЙОВИХ ДІЙ,1
41920281,Українська Основа,1
41864992,ГРОМАДСЬКА ОРГАНІЗАЦІЯ ЗА ЕФЕКТИВНЕ І БЕЗПЕЧНЕ ПРИРДОКОРИСТУВАННЯ,1
41850471,Громадська організація Покоління Ігрик,1
41827348,Громадська спілька Асоціація Футболу АР Крим,1
41774506,БЛАГОДІЙНИЙ ФОНД ІГОРЯ ВАСИЛЬКОВСЬКОГО,1
41767499,Всеукраїнська професійна спілка Міністерства Внутрішніх Справ України ,1
41735273,ГО ЦЕП,1
41715152,"ГО ""Секретаріат РГК""",1
41465040,Україна 2030,1
41654294,Ініціатива реальних дій,1
41615695,ГРОМАДСЬКА ОРГАНІЗАЦІЯ ІНСТИТУТ ГРОМАДЯНСЬКИХ СВОБОД,1
41600778,БO Благодійний фонд Георгія Логвинського Інноваційні технології майбутнього,1
41573074,Українська жіноча демократична мережа,2
41564740,ЦЕНТР РОЗВИТКУ БЕРДИЧЕВА,1
41541959,ГРОМАДСЬКА ОРГАНІЗАЦІЯ 'ВСЕУКРАЇНСЬКЕ ОБ'ЄДНАННЯ 'НАРОДНІ ІНІЦІАТИВИ',1
41534999,"ГО ""Думай Працюй Контролюй""",1
41526134,"ГО ""НАШ ДІМ - КРЕМЕНЧУК""",1
41520609,"ГРОМАДСЬКА ОРГАНІЗАЦІЯ ""ЧИСТИЙ ХАРКІВ""",1
41509454,ГРОМАДСЬКА ОРГАНІЗАЦІЯ ЦЕНТР ЗАХИТСУ ПРАВ ГРОМАДИ ГОЛОСІЇВА,1
41498118,"""РЕАБІЛІТАЦІЙНИЙ ЦЕНТР ФОНДУ БРАТІВ КУЗЬМІНИХ""",1
41489695,ГРОМАДСЬКА ОРГАНІЗАЦІЯ ФЕДЕРАЦІЯ ЖІНОЧОЇ БОРОТЬБИ УКРАЇНИ,1
41489281,Футбольна академія Ягуар,1
42131955,Асоціація ''М'ясної галузі'',1
42158039,ГРОМАДСЬКА ОРГАНІЗАЦІЯ ЕКСПЕРТНО-АНАЛІТИЧНИЙ ЦЕНТР З ПИТАНЬ ПУБЛІЧНОГО УПРАВЛІННЯ ТА АДМІНІСТРУВАННЯ КУБ,1
42231553,Українська стратегічна ініціатива,1
42293300,ЧАС РІВНОСТІ,1
43399043,Лідери змін,1
43379341,БЛАГОДІЙНИЙ ФОНД МІСТО СОНЦЯ,1
43375368,БЛАГОДІЙНА ОРГАНІЗАЦІЯ ВСЕУКРАЇНСЬКИЙ БЛАГОДІЙНИЙ ФОНД МИКОЛИ ТИЩЕНКО,1
43375001,Міжнародний Фонд Дошкілля Майбутнього,1
43313516,Незалежний центр політичних студій та аналітики Свідомінформ,1
43283597,ГО МИ-КАМ'ЯНЧАНИ,1
43270111,ГРОМАДСЬКА СПІЛКА НАЦІОНАЛЬНА ОСВІТНЯ АСОЦІАЦІЯ,1
43262336,ГРОМАДСЬКА ОРГАНІЗАЦІЯ МЕРЕЖА ЗАХИСТУ НАЦІОНАЛЬНИХ ІНТЕРЕСІВ АНТС,1
43256804,ГО НАША АЛЬТЕРНАТИВА,1
43136278,ГО Люди дій,1
43040078,Громадська організація Всеукраїнська асоціація музичних подій,1
43017075,Благодійний фонд Оксани Юринець,1
42992011,ГО ФЕДЕРАЦІЯ БОКСУ УЖГОРОДСЬКОГО РАЙОНУ,1
42991966,ГО ФК ОЛІМПІК - К,1
42928428,УКРАЇНСЬКА ФЕДЕРАЦІЯ ЛАЙФСЕЙВІНГУ,1
42803899,Громадська організація МАРАЗЛІ КЛАБ,1
42775977,КОМАНДА ЗЕ,1
42716325,АЛЬЯНС ДІЙ,1
42701219,Європейський вектор реформ,1
42648538,Асоціація Дорожників Полтавщини,1
42464535,Інноваційна нація,1
42410920,"Громадська організація ""Центр ""Криворівня"" ",2
42407587,Громадська організація РЕСПУБЛІКАНЦІ,2
42324993,ВСЕУКРАЇНСЬКА НЕЗАЛЕЖНА ПРОФСПІЛКА ПРАЦІВНИКІВ ХІМІЧНОЇ ПРОМИСЛОВОСТІ,1
42320831,"громадська організація ""Природо-екологічний контроль ""ЛЕВІАФАН"" .",1
42320240,Громадська організація Антикорупційна Платформа Інтегріті ЮА,2
41477852,Народна платформа розвитку та допомоги,1
41436580,СКЛИК,1
40192628,ЦЕНТР КОНТЕНТ-АНАЛІЗУ,1
40413316,"Громадська організація ""Освітня асамблея""",1
40875810,ЄВРОПЕЙСЬКА АСАМБЛЕЯ ЖІНОК-ДЕПУТАТІВ,1
40874025,Національний центр правозахисту,1
40679522,Київська спілка ветеранів війни з Росією,1
40579138,Волонтерський ініціативний рух Інтелектуальна Україна,1
40574578,ВІДКРИТИЙ ПРАВОСЛАВНИЙ УНІВЕРСИТЕТ СВЯТОЇ СОФІЇ-ПРЕМУДРОСТІ,1
40554438,Міжнародне співтовариство з прав людини,1
40533659,УКРАЇНА - ВЕЛИКА НАЦІЯ,1
40501187,ГРОМАДСЬКА ОРГАНІЗАЦІЯ НАШ ДОБРОБУТ,1
40496235,Інститут геополітики та проблем безпеки,1
40464004,КВАНТУМ ФЬЮЧЕР ЛАБ,1
40423502,Агенція європейського співробітництва,1
40422142,політична партія Слуга Народу,3
40402985,Громадська організація Міжнародний центр Балтійсько-чорноморських досліджень та консенсусних практик. Центр політичного діалогу,1
41426478,"""ЧЕРКАСЬКИЙ ЦЕНТР РЕАБІЛІТАЦІЇ""",1
40394173,"Хокейний клуб ""Рось""",1
40385296,"ГО ""Команда СДС МОТОРСПОРТ""",1
40377907,"ППО ПКП ""КРЕМЕНЧУКВОДОКАНАЛ"" ",1
40350361,"ПП ""Громадсько-політична платформа Надії Савченко""",1
40336902,Благодійна організація Благодійний Фонд Ірини Борзової,1
40333592,"Ліга професорів права, докторів юридичних наук та докторів філософії у сфері права",4
40309821,Громадський рух Киви-стоп наркотик,1
40276756,"""АНТИКОРУПЦІЙНА ГВАРДІЯ""",1
40274140,ГРОМАДСЬКА ОРГАНІЗАЦІЯ СПОРТИВНИЙ КЛУБ ЕПІЦЕНТР,1
38557623,"""ГРОМАДСЬКИЙ РУХ ""НАРОДНИЙ КОНТРОЛЬ""",1
40212319,ВСЕУКРАЇНСЬКЕ ОБЄДНАННЯ СУМИ ПСЕЛ,1
40882277,БЛАГОДІЙНА ОРГАНІЗАЦІЯ БЛАГОДІЙНИЙ ФОНД ІГОРЯ КОЛИХАЄВА,1
40896337,ГРОМАДСЬКА ОРГАНІЗАЦІЯ ХЕРСОНСЬКА МІСЬКА ГРОМАДСЬКА ОРГАНІЗАЦІЯ ІНВАЛІДІВ ІНВАСПОРТ СК ХЕРСОН,1
40896515,"Громадська організація ""Фундація розвитку закарпатського мистецтва"" (ГО ""Фундація розвитку закарпатського мистецтва"")",1
40900725,Благодійна організація БЛАГОДІЙНИЙ ФОНД МЕМОРІАЛ ГОЛОКОСТУ БАБИН ЯР,1
41421705,ГРОМАДСЬКА ОРГАНІЗАЦІЯ ЧОРНА РАДА,1
41403026,Благодійний фонд Марії Максакової,1
41386100,ГО МІЖНАРОДНИЙ РЕСПУБЛІКАНСЬКИЙ КЛУБ,1
41369881,"""Національна асоціація захисників тварин та навколишнього природного середовища""",1
41332453,Благодійний фонд - Перша загальноосвітня духовно-просвітницька школа,1
41326282,БЛАГОДІЙНИЙ ФОНД СВІТ НАВКОЛО НАС,1
41325294,БЛАГОДІЙНА ОРГАНІЗАЦІЯ ВСЕУКРАЇНСЬКИЙ БЛАГОДІЙНИЙ ФОНД АТБ,1
41306837,АГЕНЦІЯ СТАЛОГО РОЗВИТКУ ЖОВТІ ВОДИ,1
41302853,Громадська організація Міжнародний центр стратегій безпеки та оборони,1
41290864,Рух визволення,1
41176371,"Громадська організація ""Українська кіноакадемія""",1
41152628,"Громадська організація ""Всеукраїнська спілка ветеранів АТО правоохоронних органів""",1
41148688,"Обслуговуючий кооператив ""ЖК НАУКОВИЙ""",1
41145081,Федерація футболу АР Крим,1
41125526,"ВСЕУКРАЇНСЬКЕ ОБ'ЄДНАННЯ АТАКА""",1
41092302,"ГРОМАДСЬКА ОРГАНІЗАЦІЯ ""ВСЕУКРАЇНСЬКА АСОЦІАЦІЯ ЖІНОЧОГО ФУТБОЛУ""",1
41087224,"ГРОМАДСЬКА ОРГАНІЗАЦІЯ ""ПРОСТІР 500"" ( ГО ""ПРОСТІР 500"" )",1
41083261,Федерація волейболу Сумської області,1
41082273,НАЦІОНАЛЬНА ПЛАТФОРМА ЖІНКИ ЗА МИР,1
41056945,"Громадська організація ""Агенція сталого розвитку міста Тернівка Дніпропетровської області""",1
41053614,Асоціація випускників і друзів Вінницького кооперативного інституту,1
41051601,Рада представників вищих навчальних закладів України,1
41036604,"""ЖИТОМИРСЬКИЙ ЦЕНТР РЕАБІЛІТАЦІЇ""",1
41032039,"ГРОМАДСЬКА ОРГАНІЗАЦІЯ ""ГРАНАТ""",1
41026109,"Всеукраїнська асоціація органів місцевого самоврядування Асоціація сільських, селищних рад та об’єднаних громад України",1
41008603,Громадська організація Агенція юридичного консалтингу,1
41001503,Громадська організація Ліга земельних експертів територіальних громад України,1
40936201,ВПС ПРАЦІВНИКІВ АПАРАТУ МВС УКРАЇНИ,1
40917634,Агенція з розвитку та інвестицій,1
38560641,ГРОМАДСЬКЕ ФОРМУВАННЯ ГРОМАДСЬКА БЕЗПЕКА З ОХОРОНИ ГРОМАДСЬКОГО ПОРЯДКУ І ДЕРЖАВНОГО КОРДОНУ М.КРЕМЕНЧУК,1
38536488,РАДА АДВОКАТІВ КИЇВСЬКОЇ ОБЛАСТІ,1
26074792,"Молодіжна громадська організація ""Євроклуб-Мелітополь""",1
26376116,Асоціація органів місцевого самоврядування Київської області,1
26360405,ЛКО Молодий Народний Рух,1
26360109,ЛЬВІВСЬКА МІСЬКА ГРОМАДСЬКА НАУКОВА ОРГАНІЗАЦІЯ ЦЕНТР ДОСЛІДЖЕНЬ ВИЗВОЛЬНОГО РУХУ,1
26347818,"Олешківський міський футбольний клуб ""Динамо""",1
26345446,"Громадська організація ""Фонд сприяння розвитку акушерської допомоги ім. С.В.Берчика""",1
26345073,"Громадська організація ""Школа політичної аналітики""",1
26343186,"ГРОМАДСЬКА ОРГАНІЗАЦІЯ ""ЯКІСТЬ ЖИТТЯ""",1
26312576,Громадська організація ТОВАРИСТВО ІНДИВІДУАЛЬНИХ ЗАБУДОВНИКІВ ЗОЛОТІ ВОРОТА,1
26212706,Футбольний клуб Севлюш,1
26202534,Харківське обласне мисливське товариство Лісомір,1
26126023,"Громадська організація ""Асоціація захисту української культури ""Український світанок""",1
26111369,Всеукраїнська футбольна Асоціація студентів,1
26059462,Всеукраїнська молодіжна організація 'Молодь проти корупції',1
38533335,Рада адвокатів Закарпатської області,2
26020610,"Донецька міська ГО ""Спортивний Клуб ""ІСД""",1
25977115,Асоціація спортивної боротьби Одеської області,1
25961189,У майбутнє через культуру,1
25957970,Федерація спортивного туризму України,1
25901218,Прилуцький благодійний фонд Європа,1
25884595,КОМІТЕТ ЗАХИСТУ ПРАВ СПОЖИВАЧІВ ДАРНИЦЬКОГО РАЙОНУ М. КИЄВА,1
25867645,ВІЛЬНА ПРОФСПІЛКА МІСТА КРЕМЕНЧУКА,1
25785516,"Чернігівська обласна партійна організація Всеукраїнського обєднання ""Батьківщина""",1
25784681,"ПОЛТАВСЬКА ОБЛАСНА ОРГАНІЗАЦІЯ ВСЕУКРАЇНСЬКОГО ОБ'ЄДНАННЯ ""БАТЬКІВЩИНА""",1
25777818,Київське лікарське товариство,1
25768311,ГРОМАДСЬКА ОРГАНІЗАЦІЯ ФЕДЕРАЦІЯ ВІЛЬНОЇ БОРОТЬБИ ІВАНО-ФРАНКІВСЬКОЇ ОБЛАСТІ,1
25762142,Центр європейських та міжнародних досліджень,1
25665309,Івано-Франківське земляцтво у Києві,1
25652413,"Олешківський районний фізкультурно-спортивний клуб ""Олешківська січ""",1
26409181,ВСЛІ Чорнобиль -86,1
26427090,"Благодійний фонд ""Троянда""",1
26437295,"ГРОМАДСЬКА ОРГАНІЗАЦІЯ ""АСОЦІАЦІЯ СПРИЯННЯ БОРОТЬБІ З КОРУПЦІЄЮ""",1
26461282,Дніпропетровський общинний фонд,1
33947534,"ГРОМАДСЬКА ОРГАНІЗАЦІЯ ""ДУМКА ГРОМАДСЬКОГО БЛАГОПОЛУЧЧЯ""",1
33927193,"""ФОНД РОЗВИТКУ БОГУСЛАВЩИНИ""",1
33926190,"Молодіжна громадська організація ""Краще без...""",1
33887910,Благодійний Фонд Платар. Пам'яті Сергія Платонова,1
33835019,"ГРОМАДСЬКА ОРГАНІЗАЦІЯ ""ФОРУМ СПРИЯННЯ СОЦІАЛЬНО-ЕКОНОМІЧНОМУ РОЗВИТКУ""",1
33834151,"ГРОМАДСЬКА ОРГАНІЗАЦІЯ ""ЗА ПРОЗОРИЙ БЮДЖЕТ""",1
33834125,"ГРОМАДСЬКА ОРГАНІЗАЦІЯ ""ЗА ГЛАСНІСТЬ""",1
33834078,"ГРОМАДСЬКА ОРГАНІЗАЦІЯ ""ОБЄДНАННЯ СПРИЯННЯ ГРОМАДСЬКОМУ СУСПІЛЬСТВУ""",1
33834041,"ГРОМАДСЬКА ОРГАНІЗАЦІЯ ""АСОЦІАЦІЯ СПРИЯННЯ РОЗВИТКУ МІСЦЕВОГО САМОВРЯДУВАННЯ""",1
33833603,"ГРОМАДСЬКА ОРГАНІЗАЦІЯ ""ДОЦІЛЬНІСТЬ І ЗАКОННІСТЬ""",1
33833577,"ГРОМАДСЬКА ОРГАНІЗАЦІЯ ""СПРИЯННЯ ЄВРОПЕЙСЬКІЙ ІНТЕГРАЦІЇ""",1
33805487,"ГО ""Фонд Стрийського парку""",1
33779054,"ВСЕУКРАЇНСЬКА МОЛОДІЖНА ГРОМАДСЬКА ОРГАНІЗАЦІЯ ""АСОЦІАЦІЯ СТУДЕНТІВ-ПОЛІТОЛОГІВ УКРАЇНИ""",1
33609577,Харківська громадська організація Громадянський Форум,1
33533042,Громадська організація Комітет підприємців Львівщини,1
33492085,"Громадська організація ""Німецько-польсько-українське товариство в Україні""",1
33461979,"Громадська організація ""Об'єднання підприємців Львівщини ""Крок""",1
33441575,Громадська організація Центр правової допомоги населенню Громадський захисник,1
33428643,КІРОВОГРАДСЬКИЙ ОБЛАСНИЙ БЛАГОДІЙНИЙ ФОНД ПІДТРИМКИ НЕЗАЛЕЖНОЇ ПРЕСИ,1
33130311,"РЕГІОНАЛЬНА ГРОМАДСЬКА ОРГАНІЗАЦІЯ ""ПРАВО НАРОДУ""",1
33122819,ГО Харківський фонд диких тварин,1
33083089,Дачне товариство Біла Береза,1
32468863,Борівське мисливсько-рибальське товариство Хантер,1
32404747,"""Агенція місцевого економічного розвитку міста Бурштина""",1
31630984,АСОЦІАЦІЯ ПОРТІВ УКРАЇНИ УКРПОРТ,1
31088771,Інтернет Ассоціація України,1
26520820,Громадська організація Асоціація ветеранів Міністерства внутрішніх справ України,1
26509994,ГО Центр соціальних технологій Інфопростір,1
26484047,Федерація рукопашу гопак України,1
24718067,Кіровоградська обласна громадська організація УКРАЇНСЬКА СТУДЕНТСЬКА СПІЛКА,1
24582774,Громадська організація Фонд регіональних ініціатив,1
24284657,"Громадська організація ""Харківська обласна організація громадської організації ""Союзу юристів України""",1
20071736,Всеукраїнське лікарське товариство,1
20069726,ГРОМАДСЬКА ОРГАНІЗАЦІЯ УКРАЇНСЬКЕ ТОВАРИСТВО ОХОРОНИ ПТАХІВ,1
20063988,Всеукраїнська правозахисна організація Меморіал імені Василя Стуса,2
20043098,Громадська організація Товариство Україна Китай,1
14325409,ВСЕУКРАЇНСЬКА ГРОМАДСЬКА ОРГАНІЗАЦІЯ ФЕДЕРАЦІЯ СТРІЛЬБИ З ЛУКА УКРАЇНИ,1
14292236,"ГРОМАДСЬКА СПІЛКА ""ЛЕГКА АТЛЕТИКА УКРАЇНИ""",1
14290131,Союз юристів України,2
14282829,"Політична партія ""Партія регіонів""",1
14282114,ГРОМАДСЬКА ОРГАНІЗАЦІЯ ФЕДЕРАЦІЯ ВАЖКОЇ АТЛЕТИКИ УКРАЇНИ,1
14280641,НЕЗАЛЕЖНА ПРОФСПІЛКА ГІРНИКІВ УКРАЇНИ,1
14279566,"Громадська спілка ""Федерація футболу України""",3
14277461,"Громадська організація ""Всеукраїнська федерація кінного спорту України""",1
13858948,ГРОМАДСЬКА СПІЛКА АСОЦІАЦІЯ ФУТБОЛУ МИКОЛАЇВСЬКОЇ ОБЛАСТІ,1
13797773,ОРГАНІЗАЦІЯ УКРАЇНСЬКОЇ МОЛОДІ «СПАДЩИНА» (ОУМ «СПАДЩИНА»),1
13492476,ГРОМАДСЬКА СПІЛКА «АСОЦІАЦІЯ ФУТБОЛУ ДОНЕЦЬКОЇ ОБЛАСТІ»,1
101991665,International Team of Implantology study club,1
03922197,Українське товариство охорони пам’яток історії та культури,2
01464408,ГРОМАДСЬКА ОРГАНІЗАЦІЯ ''ЄВРОПЕЙСЬКИЙ НАУКОВО-ДОСЛІДНИЙ ІНСТИТУТ ПРАВА'',1
01450072,Громадська організація Садок Дитяча Мрія,1
00065175,Всеукраїнська громадська організація Спілка адвокатів України,1
00028342,International Bar Association,1
00027140,Національна спілка журналістів України,1
00016018,Національна спілка письменників України,1
20070008,Громадська спілка Світовий конгрес Українських юристів,1
20074006,ВСЕУКРАЇНСЬКИЙ ЄВРЕЙСЬКИЙ КОНГРЕС,1
24088407,"""Інститут відкритого суспільства ""Інститут Борисфена""",1
20078843,Політична партія Справедливості та розвитку,1
24075824,Інститут масової інформації,1
23698368,"БЛАГОДІЙНИЙ ФОНД ""ПРОКСЕН""",1
23333394,АСОЦІАЦІЯ НАЦІОНАЛЬНО-КУЛЬТУРНИХ ОБ'ЄДНАНЬ УКРАЇНИ,1
23252483,Федерація Дзюдо Волині,1
22763891,Хмельницький обласний КВН-клуб Три товстуни,1
21720307,"ГРОМАДСЬКА ОРГАНІЗАЦІЯ ""ЦЕНТР ТЕНДЕРНИХ ПРОЦЕДУР ТА БІЗНЕС ПЛАНУВАННЯ""",1
21715789,"Запорізькій обласний осередок Всеукраїнського громадського об'єднання ""Українська аграрна конфедерація""",1
21715714,"політична партія ""Блок Петра Порошенка ""Солідарність""",6
21695785,АСОЦІАЦІЯ ПЛЯЖНОГО ВОЛЕЙБОЛУ УКРАЇНИ,1
21694648,ГРОМАДСЬКА ОРГАНІЗАЦІЯ ВСЕУКРАЇНСЬКА ЕКОЛОГІЧНА ЛІГА,1
21693208,"ГРОМАДСЬКА ОРГАНІЗАЦІЯ ""ЦЕНТР СОЦІАЛЬНО-ПОЛІТИЧНОГО ПРОЕКТУВАННЯ""",1
21692639,"ВБО ""Благодійний фонд Петра Порошенко""",1
21692539,"Всеукраїнська Благодійна Організація ""Благодійний Фонд ПОРОШЕНКА""",2
21673915,ГО КЛУБ БАНКІРІВ,1
21666424,КОНФЕДЕРАЦІЯ ВІЛЬНИХ ПРОФСПІЛОК УКРАЇНИ,1
21655662,Спілка сприяння розвитку сільського зеленого туризму в Україні,1
21655248,"БЛАГОДІЙНА ОРГАНІЗАЦІЯ ""БЛАГОДІЙНИЙ ФОНД АНДРІЯ ДЕРКАЧА ""НАШЕ МАЙБУТНЄ""",1
21602660,Всеукраїнська спортивна громадська організація Федерація бейсболу та софтболу України,1
21519775,"""Інститут стратегічних досліджень та прогнозів ""Янус""",1
20993003,Асоціація болгар України,1
20555102,Молодіжна організація Станиця Івано-Франківськ Пласту НСОУ,1
20516473,Громадська організація Федерація гандболу Запорізької області,1
20079185,"Всеукраїнська громадська організація ""Федерація тенісу України""",1
33947560,"ГРОМАДСЬКА ОРГАНІЗАЦІЯ ""ГРОМАДСЬКІ ЕКОНОМІЧНО-ПРАВОВІ ІНІЦІАТИВИ""",1
33981973,ГРОМАДСЬКЕ ОБ'ЄДНАННЯ «УКРАЇНСЬКИЙ ДІМ» (ГО «УКРАЇНСЬКИЙ ДІМ»),1
34001190,"ГРОМАДСЬКА ОРГАНІЗАЦІЯ ""ІНІЦІАТИВА ГРОМАДСЬКОЇ СТАБІЛЬНОСТІ""",1
37783290,Клуб Випускників ІМВ Ардеа Альба,1
37759948,"ВСЕУКРАЇНСЬКА ГРОМАДСЬКА ОРГАНІЗАЦІЯ ""ЗА ЯКІСТЬ ЖИТТЯ В УКРАЇНІ!""",1
37751619,Фонд Ігоря Палиці Тільки разом,2
37724082,"Політична партія ""Наш Край""",1
37699250,"Хокейний клуб ""Проскуров""",1
37652715,БЛАГОДІЙНИЙ ФОНД МОЖЕМО РАЗОМ,1
37594271,БЛАГОДІЙНА ОРГАНІЗАЦІЯ 'ФОНД РОЗВИТКУ КРИМУ',1
37534254,МІЖНАРОДНА ГРОМАДСЬКА ОРГАНІЗАЦІЯ 'ІНСТИТУТ ПРАВ ЛЮДИНИ І ЗАПОБІГАННЯ ЕКСТРЕМІЗМУ ТА КСЕНОФОБІЇ',1
37527933,"Благодійна організація ""Фонд Братів Дубневичів""",1
37480763,ГРОМАДСЬКА ОРГАНІЗАЦІЯ КИЇВСЬКА МІСЬКА СПОРТИВНА ФЕДЕРАЦІЯ ПЛЯЖНОГО ТА КЛАСИЧНОГО ВОЛЕЙБОЛУ,1
37436443,Асоціація університетів України,1
37432793,"БЛАГОДІЙНИЙ ФОНД ""СЕРЦЕ НА ДОЛОНІ""",1
37393981,"Київський міський осередок всеукраїнської молодіжної громадської організації ""Совість і Надія України""",1
37362838,"""НЕЗАЛЕЖНА АСОЦІАЦІЯ ЖУРНАЛІСТІВ-РОЗСЛІДУВАЛЬНИКІВ""",1
37332934,Всеукраїнське громадське об'єднання Українська народна рада,1
37289203,Тернопільська обасна організація роботодавців агропромислового комплексу ''Об'єднана'',1
37278170,"Львівський обласний осередок ГО ""Фронт Змін""",1
37263269,ХАРКІВСЬКА ОБЛАСНА АСОЦІАЦІЯ ХЛІБОПЕКАРСЬКИХ ПІДПРИЄМСТВ,1
37170185,"ГРОМАДСЬКА ОРГАНІЗАЦІЯ ""ОДЕСЬКИЙ АКТИВ""",1
37146532,За народовладдя,1
37141882,ГРОМАДСЬКА ОРГАНІЗАЦІЯ МОЛОДІЖНИЙ РУХ КИЄВА,1
37123109,"Об'єднання співвласників багатоквартирного будинку ""Люкс Плюс""",1
37084276,ГО Агентство регіонального розвитку Бахчисарай,1
36969131,"БЛАГОДІЙНА ОРГАНІЗАЦІЯ ""МЕЛІТОПОЛЬСЬКЕ АГЕНТСТВО РЕГІОНАЛЬНОГО РОЗВИТКУ""",1
36903730,ТЕРНОПІЛЬСЬКА ОБЛАСНА ГРОМАДСЬКА ОРГАНІЗАЦІЯ ''ПРАВОЗАХИСНА ОРГАНІЗАЦІЯ ''СТАРЛЕКС'',1
36883919,ГО Ліга фінансового розвитку,1
36858086,"Спілка ""Національно-патріотичних об'єднань громадян ""Українська громада Києва""",2
37760434,Громадська організація Одеський дипломатичний клуб,1
37825465,Хмельницька платформа,1
36843860,"Всеукраїнська громадська організація ""Сила і Честь""",1
37847410,Міжнародний благодійний фонд ДОБРО ТІМ,1
38517528,Рада адвокатів в місті Києві,1
38404873,АНДРІЇВСЬКО-ПЕЙЗАЖНА ІНІЦІАТИВА,1
38363282,"БЛАГОДІЙНА ОРГАНІЗАЦІЯ ""ДОБРИЙ МЕЛІТОПОЛЬ""",1
38341358,Чернігівська міська громадська організація Добровольці,1
38329503,"Павлоградська міська громадська організація ""Агенція місцевого економічного розвитку міста Павлоград""",1
38307034,ХМЕЛЬНИЦЬКА ОБЛАСНА ГРОМАДСЬКА ОРГАНІЗАЦІЯ ЗА КОНКРЕТНІ СПРАВИ,1
38277267,ГРОМАДСЬКА ОРГАНІЗАЦІЯ 'ФЕЛЬДМАН ЕКО-ПАРК',1
38205339,БЛАГОДІЙНИЙ ФОНД ФОНД ОЛЕКСАНДРА ТА ГАЛИНИ ГЕРЕГИ,1
38159157,Обласний благодійний фонд Дмитра Шенцева ,1
38098917,"""БЛАГОДІЙНИЙ ФОНД ТАРАСА БАТЕНКА""",1
38078864,"СПОРТИВНИЙ КЛУБ ""КОНТИНІУМ - ВОЛИНЬ СПОРТИВНА",1
38063334,ГРОМАДСЬКА ОРГАНІЗАЦІЯ 'МУЗЕЙ ІСТОРІЇ ЄВРЕЇВ УКРАЇНИ',1
38031297,"ГО ""ФЕДЕРАЦІЯ КІКБОКСИНГУ ВІННИЦЬКОЇ ОБЛАСТІ ""ВАКО""""",1
38023479,"Комунальна установа ""Агенція місцевого економічного розвитку м. Ладижин""",1
38017106,Центр українсько-європейського наукового співробітництва,1
38005251,ВСЕУКРАЇНСЬКА ГРОМАДСЬКА ОРГАНІЗАЦІЯ ''АСОЦІАЦІЯ ЦИВІЛІСТІВ УКРАЇНИ'',3
38005089,ГРОМАДСЬКА ОРГАНІЗАЦІЯ ОФІЦІЙНИЙ ФАН-КЛУБ БРАТІВ КЛИЧКІВ,1
37995728,КОНФЕДЕРАЦІЯ БУДІВЕЛЬНИКІВ УКРАЇНИ,1
37993448,ХМЕЛЬНИЦЬКИЙ ОБЛАСНИЙ БЛАГОДІЙНИЙ ФОНД БЛАГОДІЙНИЙ ФОНД СЕРГІЯ ЛАБАЗЮКА МИ ПОРУЧ,1
37979140,БЛАГОДІЙНА ОРГАНІЗАЦІЯ БЛАГОДІЙНИЙ ФОНД СВЯТОГО ВАСІЛІЯ ВЕЛИКОГО,1
37855945,"Благодійна організація ""Сила життя""",1
36845014,Українська асоціація власників зброї,1
36787120,"Громадська організація ""Бізнес - клуб ""Партнерство і Розвиток""",1
34001227,"ГРОМАДСЬКА ОРГАНІЗАЦІЯ ""ШЛЯХОМ ГРОМАДСЬКОГО СУСПІЛЬСТВА""",1
35238602,"БЛАГОДІЙНА ОРГАНІЗАЦІЯ ""РІДНЕ МІСТО-МЕЛІТОПОЛЬ""",1
35141587,"Всеукраїнська громадська організація ""Спілка Власників житла України""",1
35135154,МГО ( Ми Українці ),1
35101434,Благодійний фонд імені М.Туган-Барановського,1
35009960,ЛЬВІВСЬКА ОБЛАСНА ГРОМАДСЬКА ОРГАНІЗАЦІЯ «ТУСТАНЬ» (ЛОГО «ТУСТАНЬ»),1
34986809,"Благодійна організація ""Благодійний фонд Сергія Шахова""",1
34965491,МІЖНАРОДНИЙ БЛАГОДІЙНИЙ ФОНД 'ФОНД ОЛЕКСАНДРА ФЕЛЬДМАНА',1
34939922,Донецька рекламна асоціація,1
34903833,"ГО ""Мистецький фонд імені Короля Данила""",1
34893265,"Могилів-Подільська дитяча громадська організація ""Криничка""",1
34807710,"Громадська організація ""Незалежний український центр правових ініціатив і експертиз ""Правова держава""",1
34789828,"Запорізька обласна організація роботодавців агропромислового комплексу ""Українська аграрна конфедерація""",1
34747751,"Виноградівська районна організація підтримки малого та середнього бізнесу ""Партнер"" ",1
34669883,Громадська організація Футбольний Клуб Черкащина - Академія,1
34569834,"Всеукраїнська громадська організація ""Українська медико-правова асоціація""",1
34539270,"ГО ""УКРАЇНСЬКИЙ ФОРУМ""",1
34317358,"Запорізькій обласний осередок Всеукраїнського громадського об'єднання ""Українська аграрна конфедерація""",1
34310043,"УКРАЇНСЬКА ФЕДЕРАЦІЯ ""КІОКУШИНКАЙКАН КАРАТЕ""",1
34306388,ВСЕУКРАЇНСЬКА ГРОМАДСЬКА ОРГАНІЗАЦІЯ АСОЦІАЦІЯ ІМПЛАНТОЛОГІВ УКРАЇНИ,1
34296071,"Всеукраїнська молодіжна громадська організація ""Совість і Надія України""",1
34294645,"ВГО ""Асоціація адвокатів України""",1
34213723,ВІННИЦЬКА ОБЛАСНА ПРАВОЗАХИСНА ОРГАНІЗАЦІЯ ДЖЕРЕЛО НАДІЇ,1
34191836,"ГРОМАДСЬКА ОРГАНІЗАЦІЯ ""ГРОМАДСЬКА РАДА""",1
34191270,"ГРОМАДСЬКА ОРГАНІЗАЦІЯ ""СТАБІЛЬНІСТЬ, ПРОЗОРІСТЬ, БЛАГОПОЛУЧЧЯ""",1
34055433,ОДЕСЬКА РЕГІОНАЛЬНА ОРГАНІЗАЦІЯ ПОЛІТИЧНОЇ ПАРТІЇ ОПОЗИЦІЙНА ПЛАТФОРМА - ЗА ЖИТТЯ ,1
34004584,Вінницьке обласне громадське об'єднання Подільска спілка підприємців та ділових людей,1
34002372,"ГРОМАДСЬКА ОРГАНІЗАЦІЯ ""ГРОМАДСЬКІСТЬ ЗА ПРАВОВУ КРАЇНУ""",1
34002346,"ГРОМАДСЬКА ОРГАНІЗАЦІЯ ""СОВІСТЬ, ЗНАННЯ, ПРОФЕСІОНАЛІЗМ!""",1
34001929,Київська обласна організація політичної партії Опозиційна платформа-за життя,1
34001782,"ГРОМАДСЬКА ОРГАНІЗАЦІЯ ""ФОРУМ ПІДТРИМКИ РОЗВИТКУ ПРАВОВОЇ ТА ГРОМАДСЬКОЇ СВІДОМОСТІ""",1
35197839,"ГРОМАДСЬКА ОРГАНІЗАЦІЯ ""ВСЕУКРАЇНСЬКА СЛУЖБА ЗАХИСТУ ДІТЕЙ"" ( ГО ""СЛУЖБА ЗАХИСТУ ДІТЕЙ"" )",1
35263340,Громадська організація Кам’янка-Бузька Агенція розвитку малого та середнього бізнесу,1
36765662,БЛАГОДІЙНИЙ ФОНД ІМЕНІ ЛОПУШАНСЬКОГО АНДРІЯ ЯРОСЛАВОВИЧА,1
35279036,Громадська організація САДОВЕ ТОВАРИСТВО ПІВДЕННА ТРОЯНДА,1
36632368,Всеукраїнська громадська організація РУХ ГРОМАДЯНСЬКОЇ ДІЇ,1
36610339,МГО Молодість ,1
36610323,МГО Галицька Ліга КВН,1
36557003,МІЖНАРОДНА АСОЦІАЦІЯ БІЗНЕСУ ТА ЕКОНОМІКИ,1
36483031,ВСЕУКРАЇНСЬКА ГРОМАДСЬКА ОРГАНІЗАЦІЯ КОЛО,1
36426565,Благодійна організація Благодійний фонд Врятуємо наш Київ,1
36356095,МОЛОДІЖНА ГРОМАДСЬКА ОРГАНІЗАЦІЯ ПАТРІОТ,1
36350994,Благодійна організація БЛАГОДІЙНИЙ ФОНД СВЯТОСЛАВА ВАКАРЧУКА ЛЮДИ МАЙБУТНЬОГО,1
36335651,"Громадська організація ""Фронт Змін""",1
36291941,Юридична освіта в Україні,1
36281439,ВГО Ніхто Крім Нас,1
36210787,РВ УСПП у Київській області,1
36208432,"ДНІПРОПЕТРОВСЬКА ОБЛАСНА ГРОМАДСЬКА ОРГАНІЗАЦІЯ ФОНД МІСЦЕВОГО РОЗВИТКУ ""ДНІПРОГРАД""",1
36159679,"Громадська організація ""Діксі груп""",1
36048969,"ГО ""Люстрація""",1
35977466,Фундація спільна мета,1
35933853,"ДНІПРОПЕТРОВСЬКА ОБЛАСНА ГРОМАДСЬКА ОРГАНІЗАЦІЯ ""ГРАД-ГРОМАДЯНСЬКИЙ АКТИВ ДНІПРОПЕТРОВЩИНИ""",1
35919975,"Громадська організація ""Всеукраїнський громадський рух ""Український вибір - право народу""",3
35904089,"Благодійна організація ""Благодійний фонд ""Батьківщина""",1
35765106,Івано-Франківське відділення Української нотаріальної палати,1
35724997,Громадська організація Київська міська організація Спорт для всіх,1
35678438,МІЖНАРОДНА ГРОМАДСЬКА ОРГАНІЗАЦІЯ 'УКРАЇНСЬКИЙ ЄВРЕЙСЬКИЙ КОМІТЕТ',1
35444960,Громадська організація ПАМ'ЯТНИК ВОЛОДИМИРУ ІВАСЮКУ У ЛЬВОВІ,1
35402103,"ГО садівницьке товариство ""Пролісок""",1
35361193,Федерація хокею Хмельницької області,1
35305233,Асоціація випускників Хмельницького університету управління та права,1
35297432,АСОЦІАЦІЯ СПОРТИВНОЇ БОРОТЬБИ ВІННИЦЬКОЇ ОБЛАСТІ ,1
811650472,ОЛЕКСАНДР ФЕЛДМАН ФАНДЕЙШЕН,1
